-- ============================================================
-- IELTS Reading — Practice Test 1 Seed Data
-- supabase/seed_reading.sql
-- ============================================================

-- Extend constraint to add matching_headings
ALTER TABLE questions DROP CONSTRAINT IF EXISTS questions_question_type_check;
ALTER TABLE questions ADD CONSTRAINT questions_question_type_check
  CHECK (question_type IN ('multiple_choice', 'fill_blank', 'matching', 'true_false', 'matching_headings'));

-- ── TEST ──────────────────────────────────────────────────────

INSERT INTO tests (id, title, type, book_number, test_number, difficulty) VALUES
  ('a1000000-0000-0000-0000-000000000001', 'Cambridge IELTS 1 — Reading Test 1', 'reading', 1, 1, 'medium');

-- ── SECTIONS ──────────────────────────────────────────────────

INSERT INTO test_sections (id, test_id, section_number, title, instructions) VALUES
('b1000000-0000-0000-0000-000000000001', 'a1000000-0000-0000-0000-000000000001', 1, 'A spark, a flint: How fire leapt to life', 'PASSAGE 1: A spark, a flint: How fire leapt to life\n\nYou should spend about 20 minutes on Questions 1-15.\n\nThe control of fire was the first and perhaps greatest of humanity''s steps towards a life-enhancing technology.\n\nTo early man, fire was a divine gift randomly delivered in the form of lightning, forest fire or burning lava. Unable to make flame for themselves, the earliest peoples probably stored fire by keeping slow burning logs alight or by carrying charcoal in pots.\n\nHow and where man learnt how to produce flame at will is unknown. It was probably a secondary invention, accidentally made during tool-making operations with wood or stone. Studies of primitive societies suggest that the earliest method of making fire was through friction. European peasants would insert a wooden drill in a round hole and rotate it briskly between their palms.\n\nThe Ancient Greeks used lenses or concave mirrors to concentrate the sun''s rays and burning glasses were also used by Mexican Aztecs and the Chinese.\n\nPercussion methods of fire-lighting date back to Paleolithic times, when some Stone Age tool-makers discovered that chipping flints produced sparks. The technique became more efficient after the discovery of iron, about 5000 years ago. In Arctic North America, the Eskimos produced a slow-burning spark by striking quartz against iron pyrites. The Chinese lit their fires by striking porcelain with bamboo. In Europe, the combination of steel, flint and tinder remained the main method of fire-lighting until the mid 19th century.\n\nFire-lighting was revolutionised by the discovery of phosphorus, isolated in 1669 by a German alchemist. Several 17th century chemists used it to manufacture fire-lighting devices, but the results were dangerously inflammable.\n\nThe quest for a practical match really began after 1781 when a group of French chemists came up with the Ethereal Match, a sealed glass tube containing a twist of paper tipped with phosphorus. When the tube was broken, air rushed in, causing the phosphorus to self-combust.\n\nThe first matches resembling those used today were made in 1827 by John Walker, an English pharmacist. Congreves were splints coated with sulphur and tipped with potassium chlorate.\n\nWalker never patented his invention, and three years later it was copied by Samuel Jones, who marketed his product as Lucifers. Charles Sauria produced the first strike-anywhere match by substituting white phosphorus for the potassium chlorate. However, since white phosphorus is a deadly poison, from 1845 match-makers succumbed to necrosis. It was not until 1906 that the substance was eventually banned.\n\nJ E Lundstrom''s safety matches used non-toxic red phosphorus painted on to the striking surface.\n\nIn 1892 the Diamond Match Company pioneered book matches. Today book matches are the most widely used type in the US. Other American innovations include the waterproof match, which lights after eight hours in water.'),
('b1000000-0000-0000-0000-000000000002', 'a1000000-0000-0000-0000-000000000001', 2, 'Zoo conservation programmes', 'PASSAGE 2: Zoo conservation programmes\n\nYou should spend about 20 minutes on Questions 16-28.\n\nOne of London Zoo''s recent advertisements caused me some irritation, so patently did it distort reality. It went on to extol the myth that without zoos these animals will almost certainly disappear forever.\n\nZoos were originally created as places of entertainment, and their suggested involvement with conservation did not seriously arise until about 30 years ago. This commitment has now been clearly defined in The World Zoo Conservation Strategy (WZCS, September 1993).\n\nThe WZCS estimates that there are about 10,000 zoos in the world, of which around 1,000 represent a core of quality collections. This is probably the document''s first failing, as I believe that 10,000 is a serious underestimate of the total number of places masquerading as zoological establishments.\n\nThe second flaw is the naive faith it places in its 1,000 core zoos. One would assume that the calibre of these institutions would have been carefully examined, but it appears that the criterion for inclusion might merely be zoo federation membership. The American Association of Zoological Parks and Aquariums (AAZPA) has had extremely dubious members. Robin Hill Adventure Park on the Isle of Wight was finally closed down following a damning report by a veterinary inspector.\n\nColin Tudge argues that if the world''s zoos worked together in co-operative breeding programmes, they could save around 2,000 species of endangered land vertebrates. This seems extremely optimistic.\n\nToday approximately 16 species might be said to have been saved by captive breeding programmes. Given that the international conference at London Zoo was held 30 years ago, this is pretty slow progress.'),
('b1000000-0000-0000-0000-000000000003', 'a1000000-0000-0000-0000-000000000001', 3, 'Architecture — Reaching for the Sky', 'PASSAGE 3: Architecture — Reaching for the Sky\n\nYou should spend about 20 minutes on Questions 29-40.\n\nArchitecture is the art and science of designing buildings and structures. The origins of modern architecture can be traced back to the social and technological changes of the 18th and 19th centuries. Instead of using timber, stone and traditional building techniques, architects began to explore ways of using steel, glass and reinforced concrete. Such rapid and uncontrolled growth helped to turn parts of cities into slums.\n\nBy the 1920s architects throughout Europe were reacting against the conditions created by industrialisation. A new style known as Modernism emerged. By the 1930s many buildings were designed in the International Style — characterised by bold use of new materials and simple, geometric forms, often with white walls supported by stilt-like pillars. Walter Gropius, Le Corbusier and Ludwig Mies van der Rohe were among the most influential architects.\n\nUnfortunately, Modernist interest in geometric simplicity became exploited for profit. The ability to prefabricate building sections led to many badly designed buildings, which discredited the original aims of Modernism.\n\nEvery large British city built multi-storey housing estates in the 1960s. But far from meeting human needs, the new estates proved to be windswept deserts. Many have since been demolished.\n\nBy the 1970s, a new respect for historic buildings arose. Preservation grew common. The High Tech style celebrated engineering achievements — examples are Stansted airport and the Lloyd''s building in London.\n\nBy the 1980s the coexistence of different styles became known as Post Modern. The trend now favours smaller scale building design reflecting environmental awareness.\n\nTwentieth century architecture will mainly be remembered for its tall buildings, made possible by light steel frames and safe passenger lifts.');

-- ── QUESTIONS ─────────────────────────────────────────────────

INSERT INTO questions (id, section_id, question_number, question_type, question_text, correct_answer, points) VALUES
('c1000000-0000-0000-0000-000000000001', 'b1000000-0000-0000-0000-000000000001', 1, 'fill_blank', '[Complete the summary. Choose from: Mexicans / random / rotating / despite / preserve / realising / sunlight / lacking / heavenly / percussion / chance / friction / unaware / without / make / heating / Eskimos / surprised / until / smoke] Primitive societies tried to ___ (1) burning logs or charcoal', 'preserve', 1),
('c1000000-0000-0000-0000-000000000002', 'b1000000-0000-0000-0000-000000000001', 2, 'fill_blank', '[Complete the summary. Choose from: Mexicans / random / rotating / despite / preserve / realising / sunlight / lacking / heavenly / percussion / chance / friction / unaware / without / make / heating / Eskimos / surprised / until / smoke] They stored fire ___ (2) that they could not create fire themselves.', 'unaware', 1),
('c1000000-0000-0000-0000-000000000003', 'b1000000-0000-0000-0000-000000000001', 3, 'fill_blank', '[Complete the summary. Choose from: Mexicans / random / rotating / despite / preserve / realising / sunlight / lacking / heavenly / percussion / chance / friction / unaware / without / make / heating / Eskimos / surprised / until / smoke] First man-made flames were produced by ___ (3)', 'chance', 1),
('c1000000-0000-0000-0000-000000000004', 'b1000000-0000-0000-0000-000000000001', 4, 'fill_blank', '[Complete the summary. Choose from: Mexicans / random / rotating / despite / preserve / realising / sunlight / lacking / heavenly / percussion / chance / friction / unaware / without / make / heating / Eskimos / surprised / until / smoke] The first methods involved creating ___ (4)', 'friction', 1),
('c1000000-0000-0000-0000-000000000005', 'b1000000-0000-0000-0000-000000000001', 5, 'fill_blank', '[Complete the summary. Choose from: Mexicans / random / rotating / despite / preserve / realising / sunlight / lacking / heavenly / percussion / chance / friction / unaware / without / make / heating / Eskimos / surprised / until / smoke] For example, rapidly ___ (5) a wooden stick in a round hole.', 'rotating', 1),
('c1000000-0000-0000-0000-000000000006', 'b1000000-0000-0000-0000-000000000001', 6, 'fill_blank', '[Complete the summary. Choose from: Mexicans / random / rotating / despite / preserve / realising / sunlight / lacking / heavenly / percussion / chance / friction / unaware / without / make / heating / Eskimos / surprised / until / smoke] The use of ___ (6) or persistent chipping was also widespread.', 'percussion', 1),
('c1000000-0000-0000-0000-000000000007', 'b1000000-0000-0000-0000-000000000001', 7, 'fill_blank', '[Complete the summary. Choose from: Mexicans / random / rotating / despite / preserve / realising / sunlight / lacking / heavenly / percussion / chance / friction / unaware / without / make / heating / Eskimos / surprised / until / smoke] Used by the Chinese and ___ (7)', 'Eskimos', 1),
('c1000000-0000-0000-0000-000000000008', 'b1000000-0000-0000-0000-000000000001', 8, 'fill_blank', '[Complete the summary. Choose from: Mexicans / random / rotating / despite / preserve / realising / sunlight / lacking / heavenly / percussion / chance / friction / unaware / without / make / heating / Eskimos / surprised / until / smoke] Continued until the 1850s ___ (8) the discovery of phosphorus.', 'despite', 1),
('c1000000-0000-0000-0000-000000000009', 'b1000000-0000-0000-0000-000000000001', 9, 'matching', '[Match to: A=Ethereal Match B=Instantaneous Lightbox C=Congreves D=Lucifers E=first strike-anywhere match F=Lundstrom safety match G=book matches H=waterproof matches] made using a less poisonous type of phosphorus', 'F', 1),
('c1000000-0000-0000-0000-000000000010', 'b1000000-0000-0000-0000-000000000001', 10, 'matching', '[Match to: A=Ethereal Match B=Instantaneous Lightbox C=Congreves D=Lucifers E=first strike-anywhere match F=Lundstrom safety match G=book matches H=waterproof matches] identical to a previous type of match', 'D', 1),
('c1000000-0000-0000-0000-000000000011', 'b1000000-0000-0000-0000-000000000001', 11, 'matching', '[Match to: A=Ethereal Match B=Instantaneous Lightbox C=Congreves D=Lucifers E=first strike-anywhere match F=Lundstrom safety match G=book matches H=waterproof matches] caused a deadly illness', 'E', 1),
('c1000000-0000-0000-0000-000000000012', 'b1000000-0000-0000-0000-000000000001', 12, 'matching', '[Match to: A=Ethereal Match B=Instantaneous Lightbox C=Congreves D=Lucifers E=first strike-anywhere match F=Lundstrom safety match G=book matches H=waterproof matches] first to look like modern matches', 'C', 1),
('c1000000-0000-0000-0000-000000000013', 'b1000000-0000-0000-0000-000000000001', 13, 'matching', '[Match to: A=Ethereal Match B=Instantaneous Lightbox C=Congreves D=Lucifers E=first strike-anywhere match F=Lundstrom safety match G=book matches H=waterproof matches] first matches used for advertising', 'G', 1),
('c1000000-0000-0000-0000-000000000014', 'b1000000-0000-0000-0000-000000000001', 14, 'matching', '[Match to: A=Ethereal Match B=Instantaneous Lightbox C=Congreves D=Lucifers E=first strike-anywhere match F=Lundstrom safety match G=book matches H=waterproof matches] relied on an airtight glass container', 'A', 1),
('c1000000-0000-0000-0000-000000000015', 'b1000000-0000-0000-0000-000000000001', 15, 'matching', '[Match to: A=Ethereal Match B=Instantaneous Lightbox C=Congreves D=Lucifers E=first strike-anywhere match F=Lundstrom safety match G=book matches H=waterproof matches] used a formula from a military source', 'C', 1),
('c1000000-0000-0000-0000-000000000016', 'b1000000-0000-0000-0000-000000000002', 16, 'true_false', '[Write YES / NO / NOT GIVEN] London Zoo''''s advertisements are dishonest.', 'YES', 1),
('c1000000-0000-0000-0000-000000000017', 'b1000000-0000-0000-0000-000000000002', 17, 'true_false', '[Write YES / NO / NOT GIVEN] Zoos made an insignificant contribution to conservation up until 30 years ago.', 'YES', 1),
('c1000000-0000-0000-0000-000000000018', 'b1000000-0000-0000-0000-000000000002', 18, 'true_false', '[Write YES / NO / NOT GIVEN] The WZCS document is not known in Eastern Europe.', 'NOT GIVEN', 1),
('c1000000-0000-0000-0000-000000000019', 'b1000000-0000-0000-0000-000000000002', 19, 'true_false', '[Write YES / NO / NOT GIVEN] Zoos in the WZCS select list were carefully inspected.', 'NO', 1),
('c1000000-0000-0000-0000-000000000020', 'b1000000-0000-0000-0000-000000000002', 20, 'true_false', '[Write YES / NO / NOT GIVEN] No-one knew how animals were treated at Robin Hill Adventure Park.', 'NO', 1),
('c1000000-0000-0000-0000-000000000021', 'b1000000-0000-0000-0000-000000000002', 21, 'true_false', '[Write YES / NO / NOT GIVEN] Colin Tudge was dissatisfied with treatment of animals at London Zoo.', 'NOT GIVEN', 1),
('c1000000-0000-0000-0000-000000000022', 'b1000000-0000-0000-0000-000000000002', 22, 'true_false', '[Write YES / NO / NOT GIVEN] The number of successful zoo conservation programmes is unsatisfactory.', 'YES', 1),
('c1000000-0000-0000-0000-000000000023', 'b1000000-0000-0000-0000-000000000002', 23, 'multiple_choice', 'What were the objectives of the WZCS document? A) improve calibre of zoos world-wide B) identify zoos suitable for conservation C) provide funds for zoos in underdeveloped countries D) list endangered species of the world', 'B', 1),
('c1000000-0000-0000-0000-000000000024', 'b1000000-0000-0000-0000-000000000002', 24, 'multiple_choice', 'Why does the writer refer to Robin Hill Adventure Park? A) to support the Isle of Wight local council B) to criticise the UK Zoo Licensing Act C) to illustrate a weakness in the WZCS document D) to exemplify standards in AAZPA zoos', 'C', 1),
('c1000000-0000-0000-0000-000000000025', 'b1000000-0000-0000-0000-000000000002', 25, 'multiple_choice', 'What word best describes the writer''''s response to Colin Tudge''''s prediction? A) disbelieving B) impartial C) prejudiced D) accepting', 'A', 1),
('c1000000-0000-0000-0000-000000000026', 'b1000000-0000-0000-0000-000000000002', 26, 'multiple_choice', 'Which THREE factors lead the writer to doubt the WZCS document? A) number of unregistered zoos B) lack of money in developing countries C) actions of Isle of Wight council D) failure to examine core zoo standards E) unrealistic aim given species saved to date F) policies of WZCS zoo managers', 'A', 1),
('c1000000-0000-0000-0000-000000000027', 'b1000000-0000-0000-0000-000000000002', 27, 'multiple_choice', 'Which THREE factors lead the writer to doubt the WZCS document? A) number of unregistered zoos B) lack of money in developing countries C) actions of Isle of Wight council D) failure to examine core zoo standards E) unrealistic aim given species saved to date F) policies of WZCS zoo managers', 'D', 1),
('c1000000-0000-0000-0000-000000000028', 'b1000000-0000-0000-0000-000000000002', 28, 'multiple_choice', 'Which THREE factors lead the writer to doubt the WZCS document? A) number of unregistered zoos B) lack of money in developing countries C) actions of Isle of Wight council D) failure to examine core zoo standards E) unrealistic aim given species saved to date F) policies of WZCS zoo managers', 'E', 1),
('c1000000-0000-0000-0000-000000000029', 'b1000000-0000-0000-0000-000000000003', 29, 'fill_blank', '[Complete the table. Write NO MORE THAN THREE WORDS for each answer.] Before 18th century — Materials: ___ (29)', 'timber and stone', 1),
('c1000000-0000-0000-0000-000000000030', 'b1000000-0000-0000-0000-000000000003', 30, 'fill_blank', '[Complete the table. Write NO MORE THAN THREE WORDS for each answer.] 1920s — Style: ___ (30)', 'Modernism', 1),
('c1000000-0000-0000-0000-000000000031', 'b1000000-0000-0000-0000-000000000003', 31, 'fill_blank', '[Complete the table. Write NO MORE THAN THREE WORDS for each answer.] 1930s-1950s — Style: ___ (31)', 'International style', 1),
('c1000000-0000-0000-0000-000000000032', 'b1000000-0000-0000-0000-000000000003', 32, 'fill_blank', '[Complete the table. Write NO MORE THAN THREE WORDS for each answer.] 1960s — Result: ___ (32)', 'badly designed buildings', 1),
('c1000000-0000-0000-0000-000000000033', 'b1000000-0000-0000-0000-000000000003', 33, 'fill_blank', '[Complete the table. Write NO MORE THAN THREE WORDS for each answer.] 1970s — Trend: ___ (33) of historic buildings', 'preservation', 1),
('c1000000-0000-0000-0000-000000000034', 'b1000000-0000-0000-0000-000000000003', 34, 'fill_blank', '[Complete the table. Write NO MORE THAN THREE WORDS for each answer.] 1970s — Style: ___ (34) era begins', 'High-Tech', 1),
('c1000000-0000-0000-0000-000000000035', 'b1000000-0000-0000-0000-000000000003', 35, 'fill_blank', '[Complete the table. Write NO MORE THAN THREE WORDS for each answer.] 1980s — Style: ___ (35)', 'co-existence of styles', 1),
('c1000000-0000-0000-0000-000000000036', 'b1000000-0000-0000-0000-000000000003', 36, 'matching', '[Match each Cause with its Effect. A=quality of life improved B=architecture reflects the age C=buildings knocked down D=light steel frames and lifts developed E=historical buildings preserved F=all decoration removed G=parts of cities become slums H=Modernist ideas delayed until second half of 20th century] Rapid movement of people from rural areas to cities triggered by technological advance.', 'G', 1),
('c1000000-0000-0000-0000-000000000037', 'b1000000-0000-0000-0000-000000000003', 37, 'matching', '[Match each Cause with its Effect. A=quality of life improved B=architecture reflects the age C=buildings knocked down D=light steel frames and lifts developed E=historical buildings preserved F=all decoration removed G=parts of cities become slums H=Modernist ideas delayed until second half of 20th century] Buildings become simple and functional.', 'F', 1),
('c1000000-0000-0000-0000-000000000038', 'b1000000-0000-0000-0000-000000000003', 38, 'matching', '[Match each Cause with its Effect. A=quality of life improved B=architecture reflects the age C=buildings knocked down D=light steel frames and lifts developed E=historical buildings preserved F=all decoration removed G=parts of cities become slums H=Modernist ideas delayed until second half of 20th century] An economic depression and the second world war hit Europe.', 'H', 1),
('c1000000-0000-0000-0000-000000000039', 'b1000000-0000-0000-0000-000000000003', 39, 'matching', '[Match each Cause with its Effect. A=quality of life improved B=architecture reflects the age C=buildings knocked down D=light steel frames and lifts developed E=historical buildings preserved F=all decoration removed G=parts of cities become slums H=Modernist ideas delayed until second half of 20th century] Multi-storey housing estates built according to contemporary ideas on town planning.', 'C', 1),
('c1000000-0000-0000-0000-000000000040', 'b1000000-0000-0000-0000-000000000003', 40, 'matching', '[Match each Cause with its Effect. A=quality of life improved B=architecture reflects the age C=buildings knocked down D=light steel frames and lifts developed E=historical buildings preserved F=all decoration removed G=parts of cities become slums H=Modernist ideas delayed until second half of 20th century] Less land must be used for building.', 'D', 1);

-- ============================================================
-- Cambridge IELTS 19 Academic — Reading Test 1
-- ============================================================

INSERT INTO tests (id, title, type, book_number, test_number, difficulty) VALUES
  ('a1900000-0000-0000-0000-000000000001', 'Cambridge IELTS 19 — Reading Test 1', 'reading', 19, 1, 'medium');

INSERT INTO test_sections (id, test_id, section_number, title, instructions) VALUES
(
  'b1900000-0000-0000-0000-000000000001',
  'a1900000-0000-0000-0000-000000000001',
  1,
  'How tennis rackets have changed',
  'PASSAGE 1: How tennis rackets have changed\n\nYou should spend about 20 minutes on Questions 1-13.\n\nIn 2016, the British professional tennis player Andy Murray was ranked as the world''s number one. It was an incredible achievement by any standard - made even more remarkable by the fact that he did this during a period considered to be one of the strongest in the sport''s history, competing against the likes of Rafael Nadal, Roger Federer and Novak Djokovic, to name just a few. Yet five years previously, he had been regarded as a talented outsider who entered but never won the major tournaments.\n\nOf the changes that account for this transformation, one was visible and widely publicised: in 2011, Murray invited former number one player Ivan Lendl onto his coaching team - a valuable addition that had a visible impact on the player''s playing style. Another change was so subtle as to pass more or less unnoticed. Like many players, Murray has long preferred a racket that consists of two types of string: one for the mains (verticals) and another for the crosses (horizontals). While he continued to use natural string in the crosses, in 2012 he switched to a synthetic string for the mains. A small change, perhaps, but its importance should not be underestimated.\n\nThe modification that Murray made is just one of a number of options available to players looking to tweak their rackets in order to improve their games. Touring professionals have their rackets customised to their specific needs, says Colin Triplow, a UK-based professional racket stringer. It''s a highly important part of performance maximisation. Consequently, the specific rackets used by the world''s elite are not actually readily available to the public; rather, each racket is individually made to suit the player who uses it. Take the US professional tennis players Mike and Bob Bryan: We''re very particular with our racket specifications, they say. All our rackets are sent from our manufacturer to Tampa, Florida, where our frames go through a thorough customisation process. They explain how they have adjusted not only racket length, but even experimented with different kinds of paint. The rackets they use now weigh more than the average model and also have a denser string pattern.\n\nThe primary reason for these modifications is simple: as the line between winning and losing becomes thinner and thinner, even these slight changes become more and more important. As a result, players and their teams are becoming increasingly creative with the modifications to their rackets as they look to maximise their competitive advantage.\n\nRacket modifications mainly date back to the 1970s, when the amateur German tennis player Werner Fischer started playing with the so-called spaghetti-strung racket. It created a string bed that generated so much topspin that it was quickly banned by the International Tennis Federation. However, within a decade or two, racket modification became a regularity. Today it is, in many ways, an aspect of the game that is equal in significance to nutrition or training.\n\nModifications can be divided into two categories: those to the string bed and those to the racket frame. The former is far more common than the latter: the choice of the strings and the tension with which they are installed is something that nearly all professional players experiment with. They will continually change it depending on various factors including the court surface, climatic conditions, and game styles.\n\nAt one time, all tennis rackets were strung with natural gut made from the outer layer of sheep or cow intestines. This all changed in the early 1990s with the development of synthetic strings that were cheaper and more durable. They are made from three materials: nylon, Kevlar or co-polyester. Of the synthetics, co-polyester is by far the most widely used. Studies indicate that the average spin from a co-polyester string is 25% greater than that from natural string or other synthetics.\n\nHowever, many players go beyond these basic adjustments to the strings and make changes to the racket frame itself. For example, much of the serving power of US professional player Pete Sampras was attributed to the addition of four to five lead weights onto his rackets.\n\nOther changes to the frame involve the handle. Players have individual preferences for the shape of the handle and some will have the handle of one racket moulded onto the frame of a different racket. The professional Portuguese player Goncalo Oliveira replaced the original grips of his rackets with something thinner because they had previously felt uncomfortable to hold.\n\nRacket customisation and modification have pushed the standards of the game to greater levels that few could have anticipated in the days of natural strings and heavy, wooden frames.'
),
(
  'b1900000-0000-0000-0000-000000000002',
  'a1900000-0000-0000-0000-000000000001',
  2,
  'The pirates of the ancient Mediterranean',
  'PASSAGE 2: The pirates of the ancient Mediterranean\n\nYou should spend about 20 minutes on Questions 14-26.\n\nIn the first and second millennia BCE, pirates sailed around the Mediterranean, attacking ships and avoiding pursuers.\n\nA  When one mentions pirates, an image springs to most people''s minds of a crew of misfits, daredevils and adventurers in command of a tall sailing ship in the Caribbean Sea. Yet from the first to the third millennium BCE, thousands of years before these swashbucklers began spreading fear across the Caribbean, pirates prowled the Mediterranean, raiding merchant ships and threatening vital trade routes. However, despite all efforts and the might of various ancient states, piracy could not be stopped. Only when the pirates directly threatened the interests of ancient Rome did the Roman Republic organise a massive fleet to eliminate piracy. Under the command of the Roman general Pompey, Rome eradicated piracy, transforming the Mediterranean into Mare Nostrum (Our Sea).\n\nB  Although piracy in the Mediterranean is first recorded in ancient Egypt during the reign of Pharaoh Amenhotep III (c 1390-1353 BCE), it is reasonable to assume it predated this powerful civilisation. This is partly due to the great importance the Mediterranean held at this time, and partly due to its geography. While the Mediterranean region is predominantly fertile, some parts are rugged and hilly, even mountainous. In the ancient times, the inhabitants of these areas relied heavily on marine resources. Most had their own boats, possessed good seafaring skills, and unsurpassed knowledge of the local coastline and sailing routes. Thus, it is not surprising that during hardships, these men turned to piracy. Before the invention of ocean-going caravels in the 15th century, ships could not easily cross long distances over open water. Thus, in the ancient world most were restricted to a few well-known navigable routes that followed the coastline. Caught in a trap, a slow merchant ship laden with goods had no other option but to surrender.\n\nC  One should also add that it was not unknown in the first and second millennia BCE for governments to resort to pirates'' services, especially during wartime, employing their skills and numbers against their opponents. A pirate fleet would serve in the first wave of attack, preparing the way for the navy. Some of the regions were known for providing safe harbours to pirates, who, in return, boosted the local economy.\n\nD  The first known record of a named group of Mediterranean pirates, made during the rule of ancient Egyptian Pharaoh Akhenaten (c 1353-1336 BCE), was in the Amarna Letters. These were extracts of diplomatic correspondence between the pharaoh and his allies. It seems the pharaoh was troubled by two distinct pirate groups, the Lukka and the Sherden. Despite the Egyptian fleet''s best efforts, the pirates continued to cause substantial disruption to regional commerce. In the letters, the king of Alashiya (modern Cyprus) rejected Akhenaten''s claims of a connection with the Lukka. The king assured Akhenaten he was prepared to punish any of his subjects involved in piracy.\n\nE  The ancient Greek world''s experience of piracy was different from that of Egyptian rulers. The ancient Greek historian Thucydides glorified pirates'' daring attacks on ships or even cities. For Greeks, piracy was a part of everyday life. Even high-ranking members of the state were not beyond engaging in such activities. According to the Greek orator Demosthenes, in 355 BCE, Athenian ambassadors made a detour from their official travel to capture a ship sailing from Egypt. The Greeks'' liberal approach towards piracy does not mean they always tolerated it, but attempts to curtail piracy were hampered by the large number of pirates operating in the Mediterranean.\n\nF  The rising power of ancient Rome required the Roman Republic to deal with piracy in the Mediterranean. While piracy was a serious issue for the Republic, Rome profited greatly from its existence. Pirate raids provided a steady source of slaves, essential for Rome''s agriculture and mining industries. But this arrangement could work only while the pirates left Roman interests alone. Pirate attacks on grain ships led to angry voices in the Senate. By the 1st century BCE, emboldened pirates kidnapped prominent Roman dignitaries, asking for a large ransom to be paid. Their most famous hostage was none other than Julius Caesar, captured in 75 BCE.\n\nG  By now, Rome was well aware that pirates had outlived their usefulness. In 67 BCE, a new law granted Pompey vast funds to combat the Mediterranean menace. Pompey divided the entire Mediterranean into 13 districts, assigning a fleet and commander to each. After cleansing one district of pirates, the fleet would join another in the next district. Although thousands of pirates died at the hands of Pompey''s troops, as a long-term solution to the problem, many more were offered land in fertile areas located far from the sea. Instead of a maritime menace, Rome got productive farmers that further boosted its economy.'
),
(
  'b1900000-0000-0000-0000-000000000003',
  'a1900000-0000-0000-0000-000000000001',
  3,
  'The persistence and peril of misinformation',
  'PASSAGE 3: The persistence and peril of misinformation\n\nYou should spend about 20 minutes on Questions 27-40.\n\nBrian Southwell looks at how human brains verify information and discusses some of the challenges of battling widespread falsehoods.\n\nMisinformation - both deliberately promoted and accidentally shared - is perhaps an inevitable part of the world in which we live, but it is not a new problem. People likely have lied to one another for roughly as long as verbal communication has existed. Deceiving others can offer an apparent opportunity to gain strategic advantage, to motivate others to action, or even to protect interpersonal bonds. Moreover, people inadvertently have been sharing inaccurate information with one another for thousands of years.\n\nHowever, we currently live in an era in which technology enables information to reach large audiences distributed across the globe, and thus the potential for immediate and widespread effects from misinformation now looms larger than in the past. Yet the means to correct misinformation might, over time, be found in those same patterns of mass communication and of the facilitated spread of information.\n\nThe main worry regarding misinformation is its potential to unduly influence attitudes and behavior, leading people to think and act differently than they would if they were correctly informed. In other words, we worry that misinformation might lead people to hold misperceptions (or false beliefs) and that these misperceptions, especially when they occur among large groups of people, may have detrimental, downstream consequences for health, social harmony, and the political climate.\n\nAt least three observations related to misinformation in the contemporary mass-media environment warrant the attention of researchers, policy makers, and really everyone who watches television, listens to the radio, or reads information online. First of all, people who encounter misinformation tend to believe it, at least initially. Secondly, electronic and print media often do not block many types of misinformation before it appears in content available to large audiences. Thirdly, countering misinformation once it has enjoyed wide exposure can be a resource-intensive effort.\n\nKnowing what happens when people initially encounter misinformation holds tremendous importance for estimating the potential for subsequent problems. The dilemma is neatly summarized by a contrast between how the 17th-century philosophers Rene Descartes and Baruch Spinoza described human information engagement, with conflicting predictions that only recently have been empirically tested in robust ways. Descartes argued that a person only accepts or rejects information after considering its truth or falsehood; Spinoza argued that people accept all encountered information by default and then subsequently verify or reject it. Recent empirical evidence has supported Spinoza''s account: people appear to encode all new information as if it were true, even if only momentarily, and later tag the information as being either true or false.\n\nWhat about our second observation that misinformation often can appear in electronic or print media without being preemptively blocked? Regulatory agencies here tend to focus on post hoc detection of broadcast information. The FDA oversees direct-to-consumer prescription drug advertising and has developed mechanisms such as the Bad Ad program, through which people can report advertising in apparent violation of FDA guidelines on drug risks. Such programs, although laudable and useful, do not keep false advertising off the airwaves. In addition, even misinformation that is successfully corrected can continue to affect attitudes.\n\nThis leads us to our third observation: a campaign to correct misinformation, even if rhetorically compelling, requires resources and planning to accomplish necessary reach and frequency. For corrective campaigns to be persuasive, audiences need to be able to comprehend them. That some audiences might be unaware of the potential for misinformation also suggests the utility of media literacy efforts as early as elementary school. Even with journalists and scholars pointing to the phenomenon of fake news, people do not distinguish between demonstrably false stories and those based in fact when scanning and processing written information.\n\nWe live at a time when widespread misinformation is common. Yet at this time many people also are passionately developing potential solutions and remedies. The journey forward undoubtedly will be a long and arduous one. Future remedies will require not only continued theoretical consideration but also the development and maintenance of consistent monitoring tools - and a recognition among fellow members of society that claims which find prominence in the media that are insufficiently based in scientific consensus and social reality should be countered. Misinformation arises as a result of human fallibility and human information needs. To overcome the worst effects of the phenomenon, we will need coordinated efforts over time, rather than any singular one-time panacea we could hope to offer.'
);

INSERT INTO questions (id, section_id, question_number, question_type, question_text, correct_answer, points) VALUES
-- PASSAGE 1: Q1-7 TRUE/FALSE/NOT GIVEN
('c1900000-0000-0000-0000-000000000001', 'b1900000-0000-0000-0000-000000000001', 1, 'true_false', '[Write TRUE / FALSE / NOT GIVEN] People had expected Andy Murray to become the world''s top tennis player for at least five years before 2016.', 'FALSE', 1),
('c1900000-0000-0000-0000-000000000002', 'b1900000-0000-0000-0000-000000000001', 2, 'true_false', '[Write TRUE / FALSE / NOT GIVEN] The change that Andy Murray made to his rackets attracted a lot of attention.', 'FALSE', 1),
('c1900000-0000-0000-0000-000000000003', 'b1900000-0000-0000-0000-000000000001', 3, 'true_false', '[Write TRUE / FALSE / NOT GIVEN] Most of the world''s top players take a professional racket stringer on tour with them.', 'NOT GIVEN', 1),
('c1900000-0000-0000-0000-000000000004', 'b1900000-0000-0000-0000-000000000001', 4, 'true_false', '[Write TRUE / FALSE / NOT GIVEN] Mike and Bob Bryan use rackets that are light in comparison to the majority of rackets.', 'FALSE', 1),
('c1900000-0000-0000-0000-000000000005', 'b1900000-0000-0000-0000-000000000001', 5, 'true_false', '[Write TRUE / FALSE / NOT GIVEN] Werner Fischer played with a spaghetti-strung racket that he designed himself.', 'NOT GIVEN', 1),
('c1900000-0000-0000-0000-000000000006', 'b1900000-0000-0000-0000-000000000001', 6, 'true_false', '[Write TRUE / FALSE / NOT GIVEN] The weather can affect how professional players adjust the strings on their rackets.', 'TRUE', 1),
('c1900000-0000-0000-0000-000000000007', 'b1900000-0000-0000-0000-000000000001', 7, 'true_false', '[Write TRUE / FALSE / NOT GIVEN] It was believed that the change Pete Sampras made to his rackets contributed to his strong serve.', 'TRUE', 1),
-- PASSAGE 1: Q8-13 fill_blank (note completion)
('c1900000-0000-0000-0000-000000000008', 'b1900000-0000-0000-0000-000000000001', 8, 'fill_blank', '[Complete the notes. Choose ONE WORD ONLY from the passage.] Mike and Bob Bryan made changes to the types of ___ (8) used on their racket frames.', 'paint', 1),
('c1900000-0000-0000-0000-000000000009', 'b1900000-0000-0000-0000-000000000001', 9, 'fill_blank', '[Complete the notes. Choose ONE WORD ONLY from the passage.] Players were not allowed to use the spaghetti-strung racket because of the amount of ___ (9) it created.', 'topspin', 1),
('c1900000-0000-0000-0000-000000000010', 'b1900000-0000-0000-0000-000000000001', 10, 'fill_blank', '[Complete the notes. Choose ONE WORD ONLY from the passage.] Changes to rackets can be regarded as being as important as players'' diets or the ___ (10) they do.', 'training', 1),
('c1900000-0000-0000-0000-000000000011', 'b1900000-0000-0000-0000-000000000001', 11, 'fill_blank', '[Complete the notes. Choose ONE WORD ONLY from the passage.] All rackets used to have natural strings made from the ___ (11) of animals.', 'intestines', 1),
('c1900000-0000-0000-0000-000000000012', 'b1900000-0000-0000-0000-000000000001', 12, 'fill_blank', '[Complete the notes. Choose ONE WORD ONLY from the passage.] Pete Sampras had metal ___ (12) put into the frames of his rackets.', 'weights', 1),
('c1900000-0000-0000-0000-000000000013', 'b1900000-0000-0000-0000-000000000001', 13, 'fill_blank', '[Complete the notes. Choose ONE WORD ONLY from the passage.] Goncalo Oliveira changed the ___ (13) on his racket handles.', 'grips', 1),
-- PASSAGE 2: Q14-19 matching (paragraph headings A-G)
('c1900000-0000-0000-0000-000000000014', 'b1900000-0000-0000-0000-000000000002', 14, 'matching', '[Match to paragraph: A=Caribbean pirates image B=Mediterranean geography and piracy origins C=Governments using pirates D=Amarna Letters and named pirates E=Ancient Greek attitude to piracy F=Rome and piracy G=Pompey''s campaign] a reference to a denial of involvement in piracy', 'D', 1),
('c1900000-0000-0000-0000-000000000015', 'b1900000-0000-0000-0000-000000000002', 15, 'matching', '[Match to paragraph: A=Caribbean pirates image B=Mediterranean geography and piracy origins C=Governments using pirates D=Amarna Letters and named pirates E=Ancient Greek attitude to piracy F=Rome and piracy G=Pompey''s campaign] details of how a campaign to eradicate piracy was carried out', 'G', 1),
('c1900000-0000-0000-0000-000000000016', 'b1900000-0000-0000-0000-000000000002', 16, 'matching', '[Match to paragraph: A=Caribbean pirates image B=Mediterranean geography and piracy origins C=Governments using pirates D=Amarna Letters and named pirates E=Ancient Greek attitude to piracy F=Rome and piracy G=Pompey''s campaign] a mention of the circumstances in which states in the ancient world would make use of pirates', 'C', 1),
('c1900000-0000-0000-0000-000000000017', 'b1900000-0000-0000-0000-000000000002', 17, 'matching', '[Match to paragraph: A=Caribbean pirates image B=Mediterranean geography and piracy origins C=Governments using pirates D=Amarna Letters and named pirates E=Ancient Greek attitude to piracy F=Rome and piracy G=Pompey''s campaign] a reference to how people today commonly view pirates', 'A', 1),
('c1900000-0000-0000-0000-000000000018', 'b1900000-0000-0000-0000-000000000002', 18, 'matching', '[Match to paragraph: A=Caribbean pirates image B=Mediterranean geography and piracy origins C=Governments using pirates D=Amarna Letters and named pirates E=Ancient Greek attitude to piracy F=Rome and piracy G=Pompey''s campaign] an explanation of how some people were encouraged not to return to piracy', 'G', 1),
('c1900000-0000-0000-0000-000000000019', 'b1900000-0000-0000-0000-000000000002', 19, 'matching', '[Match to paragraph: A=Caribbean pirates image B=Mediterranean geography and piracy origins C=Governments using pirates D=Amarna Letters and named pirates E=Ancient Greek attitude to piracy F=Rome and piracy G=Pompey''s campaign] a mention of the need for many sailing vessels to stay relatively close to land', 'B', 1),
-- PASSAGE 2: Q20-21 multiple choice (choose TWO)
('c1900000-0000-0000-0000-000000000020', 'b1900000-0000-0000-0000-000000000002', 20, 'multiple_choice', 'Which TWO of the following statements does the writer make about inhabitants of the Mediterranean region in the ancient world? A) They often used stolen vessels to carry out pirate attacks. B) They managed to escape capture by the authorities because they knew the area so well. C) They paid for information about the routes merchant ships would take. D) They depended more on the sea for their livelihood than on farming. E) They stored many of the goods taken in pirate attacks in coves along the coastline.', 'B', 1),
('c1900000-0000-0000-0000-000000000021', 'b1900000-0000-0000-0000-000000000002', 21, 'multiple_choice', 'Which TWO of the following statements does the writer make about inhabitants of the Mediterranean region in the ancient world? A) They often used stolen vessels to carry out pirate attacks. B) They managed to escape capture by the authorities because they knew the area so well. C) They paid for information about the routes merchant ships would take. D) They depended more on the sea for their livelihood than on farming. E) They stored many of the goods taken in pirate attacks in coves along the coastline.', 'D', 1),
-- PASSAGE 2: Q22-23 multiple choice (choose TWO)
('c1900000-0000-0000-0000-000000000022', 'b1900000-0000-0000-0000-000000000002', 22, 'multiple_choice', 'Which TWO of the following statements does the writer make about piracy and ancient Greece? A) The state estimated that very few people were involved in piracy. B) Attitudes towards piracy changed shortly after the Iliad and the Odyssey were written. C) Important officials were known to occasionally take part in piracy. D) Every citizen regarded pirate attacks on cities as unacceptable. E) A favourable view of piracy is evident in certain ancient Greek texts.', 'C', 1),
('c1900000-0000-0000-0000-000000000023', 'b1900000-0000-0000-0000-000000000002', 23, 'multiple_choice', 'Which TWO of the following statements does the writer make about piracy and ancient Greece? A) The state estimated that very few people were involved in piracy. B) Attitudes towards piracy changed shortly after the Iliad and the Odyssey were written. C) Important officials were known to occasionally take part in piracy. D) Every citizen regarded pirate attacks on cities as unacceptable. E) A favourable view of piracy is evident in certain ancient Greek texts.', 'E', 1),
-- PASSAGE 2: Q24-26 fill_blank (summary completion)
('c1900000-0000-0000-0000-000000000024', 'b1900000-0000-0000-0000-000000000002', 24, 'fill_blank', '[Complete the summary. Choose ONE WORD ONLY from the passage.] Piracy was an issue ancient Rome had to deal with, but it also brought some benefits. However, attacks on vessels transporting ___ (24) to Rome resulted in calls for punishment.', 'grain', 1),
('c1900000-0000-0000-0000-000000000025', 'b1900000-0000-0000-0000-000000000002', 25, 'fill_blank', '[Complete the summary. Choose ONE WORD ONLY from the passage.] Attacks on vessels transporting grain to Rome resulted in calls for ___ (25) for the pirates responsible.', 'punishment', 1),
('c1900000-0000-0000-0000-000000000026', 'b1900000-0000-0000-0000-000000000002', 26, 'fill_blank', '[Complete the summary. Choose ONE WORD ONLY from the passage.] Piracy continued, with some pirates demanding a ___ (26) for the return of the Roman officials they captured.', 'ransom', 1),
-- PASSAGE 3: Q27-30 multiple_choice
('c1900000-0000-0000-0000-000000000027', 'b1900000-0000-0000-0000-000000000003', 27, 'multiple_choice', 'What point does the writer make about misinformation in the first paragraph? A) Misinformation is a relatively recent phenomenon. B) Some people find it easy to identify misinformation. C) Misinformation changes as it is passed from one person to another. D) There may be a number of reasons for the spread of misinformation.', 'D', 1),
('c1900000-0000-0000-0000-000000000028', 'b1900000-0000-0000-0000-000000000003', 28, 'multiple_choice', 'What does the writer say about the role of technology? A) It may at some point provide us with a solution to misinformation. B) It could fundamentally alter the way in which people regard information. C) It has changed the way in which organisations use misinformation. D) It has made it easier for people to check whether information is accurate.', 'A', 1),
('c1900000-0000-0000-0000-000000000029', 'b1900000-0000-0000-0000-000000000003', 29, 'multiple_choice', 'What is the writer doing in the fourth paragraph? A) comparing the different opinions people have of misinformation B) explaining how the effects of misinformation have changed over time C) outlining which issues connected with misinformation are significant today D) describing the attitude of policy makers towards misinformation in the media', 'C', 1),
('c1900000-0000-0000-0000-000000000030', 'b1900000-0000-0000-0000-000000000003', 30, 'multiple_choice', 'What point does the writer make about regulation in the USA? A) The guidelines issued by the FDA need to be simplified. B) Regulation does not affect people''s opinions of new prescription drugs. C) The USA has more regulatory bodies than most other countries. D) Regulation fails to prevent misinformation from appearing in the media.', 'D', 1),
-- PASSAGE 3: Q31-36 matching (summary with phrases A-J)
('c1900000-0000-0000-0000-000000000031', 'b1900000-0000-0000-0000-000000000003', 31, 'matching', '[Match to phrase: A=constant conflict B=additional evidence C=different locations D=experimental subjects E=short period F=extreme distrust G=frequent exposure H=mental operation I=dubious reason J=different ideas] Although people have ___ (31) to misinformation, there is debate about precisely how and when we label something as true or untrue.', 'G', 1),
('c1900000-0000-0000-0000-000000000032', 'b1900000-0000-0000-0000-000000000003', 32, 'matching', '[Match to phrase: A=constant conflict B=additional evidence C=different locations D=experimental subjects E=short period F=extreme distrust G=frequent exposure H=mental operation I=dubious reason J=different ideas] The philosophers Descartes and Spinoza had ___ (32) about how people engage with information.', 'J', 1),
('c1900000-0000-0000-0000-000000000033', 'b1900000-0000-0000-0000-000000000003', 33, 'matching', '[Match to phrase: A=constant conflict B=additional evidence C=different locations D=experimental subjects E=short period F=extreme distrust G=frequent exposure H=mental operation I=dubious reason J=different ideas] Spinoza believed that a distinct ___ (33) is involved in these stages.', 'H', 1),
('c1900000-0000-0000-0000-000000000034', 'b1900000-0000-0000-0000-000000000003', 34, 'matching', '[Match to phrase: A=constant conflict B=additional evidence C=different locations D=experimental subjects E=short period F=extreme distrust G=frequent exposure H=mental operation I=dubious reason J=different ideas] Recent research has provided ___ (34) for Spinoza''s theory.', 'B', 1),
('c1900000-0000-0000-0000-000000000035', 'b1900000-0000-0000-0000-000000000003', 35, 'matching', '[Match to phrase: A=constant conflict B=additional evidence C=different locations D=experimental subjects E=short period F=extreme distrust G=frequent exposure H=mental operation I=dubious reason J=different ideas] People accept all encountered information as if it were true, even if this is for an extremely ___ (35).', 'E', 1),
('c1900000-0000-0000-0000-000000000036', 'b1900000-0000-0000-0000-000000000003', 36, 'matching', '[Match to phrase: A=constant conflict B=additional evidence C=different locations D=experimental subjects E=short period F=extreme distrust G=frequent exposure H=mental operation I=dubious reason J=different ideas] The resources for scepticism and the resources for perceiving and encoding are in ___ (36) in the brain.', 'C', 1),
-- PASSAGE 3: Q37-40 true_false (YES/NO/NOT GIVEN)
('c1900000-0000-0000-0000-000000000037', 'b1900000-0000-0000-0000-000000000003', 37, 'true_false', '[Write YES / NO / NOT GIVEN] Campaigns designed to correct misinformation will fail to achieve their purpose if people are unable to understand them.', 'YES', 1),
('c1900000-0000-0000-0000-000000000038', 'b1900000-0000-0000-0000-000000000003', 38, 'true_false', '[Write YES / NO / NOT GIVEN] Attempts to teach elementary school students about misinformation have been opposed.', 'NOT GIVEN', 1),
('c1900000-0000-0000-0000-000000000039', 'b1900000-0000-0000-0000-000000000003', 39, 'true_false', '[Write YES / NO / NOT GIVEN] It may be possible to overcome the problem of misinformation in a relatively short period.', 'NO', 1),
('c1900000-0000-0000-0000-000000000040', 'b1900000-0000-0000-0000-000000000003', 40, 'true_false', '[Write YES / NO / NOT GIVEN] The need to keep up with new information is hugely exaggerated in today''s world.', 'NOT GIVEN', 1);

-- ============================================================
-- Cambridge IELTS 19 Academic — Reading Test 2
-- ============================================================

INSERT INTO tests (id, title, type, book_number, test_number, difficulty) VALUES
  ('a1900000-0000-0000-0000-000000000002', 'Cambridge IELTS 19 — Reading Test 2', 'reading', 19, 2, 'medium');

INSERT INTO test_sections (id, test_id, section_number, title, instructions) VALUES
(
  'b1900000-0000-0000-0000-000000000004',
  'a1900000-0000-0000-0000-000000000002',
  1,
  'The Industrial Revolution in Britain',
  'PASSAGE 1: The Industrial Revolution in Britain\n\nYou should spend about 20 minutes on Questions 1-13.\n\nThe Industrial Revolution began in Britain in the mid-1700s and by the 1830s and 1840s had spread to many other parts of the world, including the United States. In Britain, it was a period when a largely rural, agrarian society was transformed into an industrialised, urban one. Goods that had once been crafted by hand started to be produced in mass quantities by machines in factories, thanks to the invention of steam power and the introduction of new machines and manufacturing techniques in textiles, iron-making and other industries.\n\nThe foundations of the Industrial Revolution date back to the early 1700s, when the English inventor Thomas Newcomen designed the first modern steam engine. Called the atmospheric steam engine, Newcomen''s invention was originally used to power machines that pumped water out of mines. In the 1760s, the Scottish engineer James Watt started to adapt one of Newcomen''s models, and succeeded in making it far more efficient. Watt later worked with the English manufacturer Matthew Boulton to invent a new steam engine driven by both the forward and backward strokes of the piston, while the gear mechanism it was connected to produced rotary motion. It was a key innovation that would allow steam power to spread across British industries.\n\nThe demand for coal, which was a relatively cheap energy source, grew rapidly during the Industrial Revolution, as it was needed to run not only the factories used to produce manufactured goods, but also steam-powered transportation. In the early 1800s, the English engineer Richard Trevithick built a steam-powered locomotive, and by 1830 goods and passengers were being transported between the industrial centres of Manchester and Liverpool. In addition, steam-powered boats and ships were widely used to carry goods along Britain''s canals as well as across the Atlantic.\n\nBritain had produced textiles like wool, linen and cotton, for hundreds of years, but prior to the Industrial Revolution, the British textile business was a true cottage industry, with the work performed in small workshops or even homes by individual spinners, weavers and dyers. Starting in the mid-1700s, innovations like the spinning jenny and the power loom made weaving cloth and spinning yarn and thread much easier. With these machines, relatively little labour was required to produce cloth, and the new, mechanised textile factories that opened around the country were quickly able to meet customer demand for cloth both at home and abroad.\n\nThe British iron industry also underwent major change as it adopted new innovations. Chief among the new techniques was the smelting of iron ore with coke instead of the traditional charcoal. This method was cheaper and produced metals that were of a higher quality, enabling Britain''s iron and steel production to expand in response to demand created by the Napoleonic Wars and the expansion of the railways from the 1830s.\n\nThe latter part of the Industrial Revolution also saw key advances in communication methods. In 1837, British inventors William Cooke and Charles Wheatstone patented the first commercial telegraphy system. Cooke and Wheatstone''s system was soon used for railway signalling in the UK. As the speed of the new locomotives increased, it was essential to have a fast and effective means of avoiding collisions.\n\nThe impact of the Industrial Revolution on people''s lives was immense. Although many people in Britain had begun moving to the cities from rural areas before the Industrial Revolution, this accelerated dramatically with industrialisation. This rapid urbanisation brought significant challenges, as overcrowded cities suffered from pollution and inadequate sanitation.\n\nAlthough industrialisation increased the country''s economic output overall, many poor people continued to struggle. Factory workers had to work long hours in dangerous conditions for extremely low wages. A group of British workers who became known as Luddites were British weavers and textile workers who objected to the increased use of mechanised looms and knitting frames. The first major instances of machine breaking took place in 1811 in the city of Nottingham. The workers wanted employers to stop installing new machinery, but the British government responded by making machine-breaking punishable by death. The unrest finally reached its peak in April 1812, when a few Luddites were shot during an attack on a mill near Huddersfield. By 1813, the Luddite resistance had all but vanished.'
),
(
  'b1900000-0000-0000-0000-000000000005',
  'a1900000-0000-0000-0000-000000000002',
  2,
  'Athletes and stress',
  'PASSAGE 2: Athletes and stress\n\nYou should spend about 20 minutes on Questions 14-26.\n\nA  It isn''t easy being a professional athlete. Not only are the physical demands greater than most people could handle, athletes also face intense psychological pressure during competition. This is something that British tennis player Emma Raducanu wrote about on social media following her withdrawal from the 2021 Wimbledon tournament. Though the young player had been doing well in the tournament, she began having difficulty regulating her breathing and heart rate during a match, which she later attributed to the accumulation of the excitement and the buzz.\n\nB  For athletes, some level of performance stress is almost unavoidable. But there are many different factors that dictate just how people''s minds and bodies respond to stressful events. Typically, stress is the result of an exchange between two factors: demands and resources. An athlete may feel stressed about an event if they feel the demands on them are greater than they can handle. These demands include the high level of physical and mental effort required to succeed, and also the athlete''s concerns about the difficulty of the event, their chance of succeeding, and any potential dangers such as injury. Resources, on the other hand, are a person''s ability to cope with these demands. These include factors such as the competitor''s degree of confidence, how much they believe they can control the situation''s outcome, and whether they''re looking forward to the event or not.\n\nC  Each new demand or change in circumstances affects whether a person responds positively or negatively to stress. Typically, the more resources a person feels they have in handling the situation, the more positive their stress response. This positive stress response is called a challenge state. But should the person feel there are too many demands placed on them, the more likely they are to experience a negative stress response - known as a threat state. Research shows that the challenge states lead to good performance, while threat states lead to poorer performance.\n\nD  Our challenge and threat responses essentially influence how our body responds to stressful situations, as both affect the production of adrenaline and cortisol - also known as stress hormones. During a challenge state, adrenaline increases the amount of blood pumped from the heart and expands the blood vessels, which allows more energy to be delivered to the muscles and brain. But during a threat state, cortisol inhibits the positive effect of adrenaline, resulting in tighter blood vessels, higher blood pressure, slower psychological responses, and a faster heart rate. In short, a threat state makes people more anxious. In tennis players, cortisol has been associated with more unsuccessful serves and greater anxiety.\n\nE  That said, anxiety is also a common experience for athletes when they''re under pressure. Anxiety can increase heart rate and perspiration, cause heart palpitations, muscle tremors and shortness of breath, as well as headaches, nausea, stomach pain, weakness and a desire to escape in more extreme cases. Anxiety can also reduce concentration and self-control and cause overthinking. Negative stress responses can be damaging to both physical and mental health - and repeated episodes of anxiety coupled with negative responses can increase risk of heart disease and depression.\n\nF  But there are many ways athletes can ensure they respond positively under pressure. Positive stress responses can be promoted through the language that they and others - such as coaches or parents - use. Psychologists can also help athletes change how they see their physiological responses - such as helping them see a higher heart rate as excitement, rather than nerves. Developing psychological skills, such as visualisation, can also help decrease physiological responses to threat. Visualisation may involve the athlete recreating a mental picture of a time when they performed well, or picturing themselves doing well in the future. Recreating competitive pressure during training can also help athletes learn how to deal with stress.'
),
(
  'b1900000-0000-0000-0000-000000000006',
  'a1900000-0000-0000-0000-000000000002',
  3,
  'An inquiry into the existence of the gifted child',
  'PASSAGE 3: An inquiry into the existence of the gifted child\n\nYou should spend about 20 minutes on Questions 27-40.\n\nLet us start by looking at a modern genius, Maryam Mirzakhani, who died at the early age of 40. She was the only woman to win the Fields Medal - the mathematical equivalent of a Nobel prize. It would be easy to assume that someone as special as Mirzakhani must have been one of those gifted children, those who have an extraordinary ability in a specific sphere of activity or knowledge. But look closer and a different story emerges. Mirzakhani was born in Tehran, Iran. She went to a highly selective girls'' school but maths wasn''t her interest - reading was. She loved novels and would read anything she could lay her hands on. As for maths, she did rather poorly at it for the first couple of years in her middle school, but became interested when her elder brother told her about what he''d learned. He shared a famous maths problem from a magazine that fascinated her - and she was hooked.\n\nIn adult life it is clear that she was curious, excited by what she did and also resolute in the face of setbacks. One of her comments sums it up: Of course, the most rewarding part is the Aha moment, the excitement of discovery and enjoyment of understanding something new... But most of the time, doing mathematics for me is like being on a long hike with no trail and no end in sight. That trail took her to the heights of original research into mathematics.\n\nIs her background unusual? Apparently not. Most Nobel prize winners were unexceptional in childhood. Einstein was slow to talk as a baby. He failed the general part of the entry test to Zurich Polytechnic - though they let him in because of high physics and maths scores. He struggled at work initially, but he kept plugging away and eventually rewrote the laws of Newtonian mechanics with his theory of relativity.\n\nThere has been a considerable amount of research on high performance over the last century that suggests it goes way beyond tested intelligence. On top of that, research is clear that brains are flexible, new neural pathways can be created, and IQ isn''t fixed. For example, just because you can read stories with hundreds of pages at the age of five doesn''t mean you will still be ahead of your contemporaries in your teens.\n\nWhile the jury is out on giftedness being innate and other factors potentially making the difference, what is certain is that the behaviours associated with high levels of performance are replicable and most can be taught - even traits such as curiosity.\n\nAccording to my colleague Prof Deborah Eyre, with whom I''ve collaborated on the book Great Minds and How to Grow Them, the latest neuroscience and psychological research suggests most individuals can reach levels of performance associated in school with the gifted and talented. However, they must be taught the right attitudes and approaches to their learning and develop the attributes of high performers - curiosity, persistence and hard work, for example - an approach Eyre calls high performance learning. Critically, they need the right support in developing those approaches at home as well as at school.\n\nProf Anders Ericsson, an eminent education psychologist at Florida State University, US, is the co-author of Peak: Secrets from the New Science of Expertise. After research going back to 1980 into diverse achievements, he doesn''t think unique and innate talents are at the heart of performance. Deliberate practice, that stretches you every step of the way, and around 10,000 hours of it, is what produces the goods.\n\nBut it is perhaps the work of Benjamin Bloom, another distinguished American educationist working in the 1980s, that gives the most pause for thought. Bloom''s team looked at a group of extraordinarily high achieving people in disciplines as varied as ballet, swimming, piano, tennis, maths, sculpture and neurology. He found a pattern of parents encouraging and supporting their children, often in areas they enjoyed themselves. Bloom''s outstanding people had worked very hard and consistently at something they had become hooked on when at a young age, and their parents all emerged as having strong work ethics themselves.\n\nEyre says we know how high performers learn. From that she has developed a high performing learning approach. Some spin-off research looked in detail at 24 of the 3,000 children being studied who were succeeding despite difficult circumstances. Half were getting free school meals because of poverty, more than half were living with a single parent, and four in five were living in disadvantaged areas. Interviews uncovered strong evidence of an adult or adults in the child''s life who valued and supported education. Children talked about the need to work hard at school, to listen in class and keep trying.\n\nLet us end with Einstein, the epitome of a genius. He clearly had curiosity, character and determination. He struggled against rejection in early life but was undeterred. He once wrote: It''s not that I''m so smart, it''s just that I stay with problems longer. Most people say it is the intellect which makes a great scientist. They are wrong: it is character.'
);

INSERT INTO questions (id, section_id, question_number, question_type, question_text, correct_answer, points) VALUES
-- PASSAGE 1: Q1-7 fill_blank (note completion)
('c1900000-0000-0000-0000-000000000041', 'b1900000-0000-0000-0000-000000000004', 1, 'fill_blank', '[Complete the notes. Choose ONE WORD ONLY from the passage.] In Watt and Boulton''s steam engine, the movement of the ___ (1) was linked to a gear system.', 'piston', 1),
('c1900000-0000-0000-0000-000000000042', 'b1900000-0000-0000-0000-000000000004', 2, 'fill_blank', '[Complete the notes. Choose ONE WORD ONLY from the passage.] A greater supply of ___ (2) was required to power steam engines.', 'coal', 1),
('c1900000-0000-0000-0000-000000000043', 'b1900000-0000-0000-0000-000000000004', 3, 'fill_blank', '[Complete the notes. Choose ONE WORD ONLY from the passage.] Before the Industrial Revolution, spinners and weavers worked at home and in ___ (3).', 'workshops', 1),
('c1900000-0000-0000-0000-000000000044', 'b1900000-0000-0000-0000-000000000004', 4, 'fill_blank', '[Complete the notes. Choose ONE WORD ONLY from the passage.] Not as much ___ (4) was needed to produce cloth once the spinning jenny and power loom were invented.', 'labour', 1),
('c1900000-0000-0000-0000-000000000045', 'b1900000-0000-0000-0000-000000000004', 5, 'fill_blank', '[Complete the notes. Choose ONE WORD ONLY from the passage.] Smelting of iron ore with coke resulted in material that was better ___ (5).', 'quality', 1),
('c1900000-0000-0000-0000-000000000046', 'b1900000-0000-0000-0000-000000000004', 6, 'fill_blank', '[Complete the notes. Choose ONE WORD ONLY from the passage.] Demand for iron increased with the growth of the ___ (6).', 'railway', 1),
('c1900000-0000-0000-0000-000000000047', 'b1900000-0000-0000-0000-000000000004', 7, 'fill_blank', '[Complete the notes. Choose ONE WORD ONLY from the passage.] The new cities were dirty, crowded and lacked sufficient ___ (7).', 'sanitation', 1),
-- PASSAGE 1: Q8-13 true_false
('c1900000-0000-0000-0000-000000000048', 'b1900000-0000-0000-0000-000000000004', 8, 'true_false', '[Write TRUE / FALSE / NOT GIVEN] Britain''s canal network grew rapidly so that more goods could be transported around the country.', 'NOT GIVEN', 1),
('c1900000-0000-0000-0000-000000000049', 'b1900000-0000-0000-0000-000000000004', 9, 'true_false', '[Write TRUE / FALSE / NOT GIVEN] Costs in the iron industry rose when the technique of smelting iron ore with coke was introduced.', 'FALSE', 1),
('c1900000-0000-0000-0000-000000000050', 'b1900000-0000-0000-0000-000000000004', 10, 'true_false', '[Write TRUE / FALSE / NOT GIVEN] Samuel Morse''s communication system was more reliable than that developed by William Cooke and Charles Wheatstone.', 'NOT GIVEN', 1),
('c1900000-0000-0000-0000-000000000051', 'b1900000-0000-0000-0000-000000000004', 11, 'true_false', '[Write TRUE / FALSE / NOT GIVEN] The economic benefits of industrialisation were limited to certain sectors of society.', 'TRUE', 1),
('c1900000-0000-0000-0000-000000000052', 'b1900000-0000-0000-0000-000000000004', 12, 'true_false', '[Write TRUE / FALSE / NOT GIVEN] Some skilled weavers believed that the introduction of the new textile machines would lead to job losses.', 'TRUE', 1),
('c1900000-0000-0000-0000-000000000053', 'b1900000-0000-0000-0000-000000000004', 13, 'true_false', '[Write TRUE / FALSE / NOT GIVEN] There was some sympathy among local people for the Luddites who were arrested near Huddersfield.', 'NOT GIVEN', 1),
-- PASSAGE 2: Q14-18 matching (paragraph A-F)
('c1900000-0000-0000-0000-000000000054', 'b1900000-0000-0000-0000-000000000005', 14, 'matching', '[Match to paragraph: A=Raducanu withdrawal B=Demands and resources C=Challenge vs threat state D=Hormones and performance E=Anxiety symptoms F=Positive stress strategies] reference to two chemical compounds which impact on performance', 'D', 1),
('c1900000-0000-0000-0000-000000000055', 'b1900000-0000-0000-0000-000000000005', 15, 'matching', '[Match to paragraph: A=Raducanu withdrawal B=Demands and resources C=Challenge vs threat state D=Hormones and performance E=Anxiety symptoms F=Positive stress strategies] examples of strategies for minimising the effects of stress', 'F', 1),
('c1900000-0000-0000-0000-000000000056', 'b1900000-0000-0000-0000-000000000005', 16, 'matching', '[Match to paragraph: A=Raducanu withdrawal B=Demands and resources C=Challenge vs threat state D=Hormones and performance E=Anxiety symptoms F=Positive stress strategies] how a sportsperson accounted for their own experience of stress', 'A', 1),
('c1900000-0000-0000-0000-000000000057', 'b1900000-0000-0000-0000-000000000005', 17, 'matching', '[Match to paragraph: A=Raducanu withdrawal B=Demands and resources C=Challenge vs threat state D=Hormones and performance E=Anxiety symptoms F=Positive stress strategies] study results indicating links between stress responses and performance', 'C', 1),
('c1900000-0000-0000-0000-000000000058', 'b1900000-0000-0000-0000-000000000005', 18, 'matching', '[Match to paragraph: A=Raducanu withdrawal B=Demands and resources C=Challenge vs threat state D=Hormones and performance E=Anxiety symptoms F=Positive stress strategies] mention of people who can influence how athletes perceive their stress responses', 'F', 1),
-- PASSAGE 2: Q19-22 fill_blank
('c1900000-0000-0000-0000-000000000059', 'b1900000-0000-0000-0000-000000000005', 19, 'fill_blank', '[Complete the sentences. Choose ONE WORD ONLY from the passage.] Performance stress involves many demands on the athlete, for example, coping with the possible risk of ___ (19).', 'injury', 1),
('c1900000-0000-0000-0000-000000000060', 'b1900000-0000-0000-0000-000000000005', 20, 'fill_blank', '[Complete the sentences. Choose ONE WORD ONLY from the passage.] Cortisol can cause tennis players to produce fewer good ___ (20).', 'serves', 1),
('c1900000-0000-0000-0000-000000000061', 'b1900000-0000-0000-0000-000000000005', 21, 'fill_blank', '[Complete the sentences. Choose ONE WORD ONLY from the passage.] Psychologists can help athletes to view their physiological responses as the effect of a positive feeling such as ___ (21).', 'excitement', 1),
('c1900000-0000-0000-0000-000000000062', 'b1900000-0000-0000-0000-000000000005', 22, 'fill_blank', '[Complete the sentences. Choose ONE WORD ONLY from the passage.] ___ (22) is an example of a psychological technique which can reduce an athlete''s stress responses.', 'Visualisation', 1),
-- PASSAGE 2: Q23-24 multiple choice (choose TWO)
('c1900000-0000-0000-0000-000000000063', 'b1900000-0000-0000-0000-000000000005', 23, 'multiple_choice', 'Which TWO facts about Emma Raducanu''s withdrawal from the Wimbledon tournament are mentioned in the text? A) the stage at which she dropped out of the tournament B) symptoms of her performance stress at the tournament C) measures which she had taken to manage her stress levels D) aspects of the Wimbledon tournament which increased her stress levels E) reactions to her social media posts about her experience at Wimbledon', 'B', 1),
('c1900000-0000-0000-0000-000000000064', 'b1900000-0000-0000-0000-000000000005', 24, 'multiple_choice', 'Which TWO facts about Emma Raducanu''s withdrawal from the Wimbledon tournament are mentioned in the text? A) the stage at which she dropped out of the tournament B) symptoms of her performance stress at the tournament C) measures which she had taken to manage her stress levels D) aspects of the Wimbledon tournament which increased her stress levels E) reactions to her social media posts about her experience at Wimbledon', 'D', 1),
-- PASSAGE 2: Q25-26 multiple choice (choose TWO)
('c1900000-0000-0000-0000-000000000065', 'b1900000-0000-0000-0000-000000000005', 25, 'multiple_choice', 'Which TWO facts about anxiety are mentioned in Paragraph E of the text? A) the factors which determine how severe it may be B) how long it takes for its effects to become apparent C) which of its symptoms is most frequently encountered D) the types of athletes who are most likely to suffer from it E) the harm that can result if athletes experience it too often', 'A', 1),
('c1900000-0000-0000-0000-000000000066', 'b1900000-0000-0000-0000-000000000005', 26, 'multiple_choice', 'Which TWO facts about anxiety are mentioned in Paragraph E of the text? A) the factors which determine how severe it may be B) how long it takes for its effects to become apparent C) which of its symptoms is most frequently encountered D) the types of athletes who are most likely to suffer from it E) the harm that can result if athletes experience it too often', 'E', 1),
-- PASSAGE 3: Q27-32 matching (phrases A-K)
('c1900000-0000-0000-0000-000000000067', 'b1900000-0000-0000-0000-000000000006', 27, 'matching', '[Match to phrase: A=appeal B=determined C=intrigued D=single E=achievement F=devoted G=involved H=unique I=innovative J=satisfaction K=intent] Maryam Mirzakhani is regarded as ___ (27) in the field of mathematics.', 'H', 1),
('c1900000-0000-0000-0000-000000000068', 'b1900000-0000-0000-0000-000000000006', 28, 'matching', '[Match to phrase: A=appeal B=determined C=intrigued D=single E=achievement F=devoted G=involved H=unique I=innovative J=satisfaction K=intent] Maths held little ___ (28) for her as a child.', 'A', 1),
('c1900000-0000-0000-0000-000000000069', 'b1900000-0000-0000-0000-000000000006', 29, 'matching', '[Match to phrase: A=appeal B=determined C=intrigued D=single E=achievement F=devoted G=involved H=unique I=innovative J=satisfaction K=intent] She was ___ (29) by a difficult puzzle that one of her siblings showed her.', 'C', 1),
('c1900000-0000-0000-0000-000000000070', 'b1900000-0000-0000-0000-000000000006', 30, 'matching', '[Match to phrase: A=appeal B=determined C=intrigued D=single E=achievement F=devoted G=involved H=unique I=innovative J=satisfaction K=intent] She proved herself to be ___ (30) when things did not go smoothly.', 'B', 1),
('c1900000-0000-0000-0000-000000000071', 'b1900000-0000-0000-0000-000000000006', 31, 'matching', '[Match to phrase: A=appeal B=determined C=intrigued D=single E=achievement F=devoted G=involved H=unique I=innovative J=satisfaction K=intent] She got the greatest ___ (31) from making ground-breaking discoveries.', 'J', 1),
('c1900000-0000-0000-0000-000000000072', 'b1900000-0000-0000-0000-000000000006', 32, 'matching', '[Match to phrase: A=appeal B=determined C=intrigued D=single E=achievement F=devoted G=involved H=unique I=innovative J=satisfaction K=intent] She was responsible for some extremely ___ (32) mathematical studies.', 'I', 1),
-- PASSAGE 3: Q33-37 true_false YES/NO/NOT GIVEN
('c1900000-0000-0000-0000-000000000073', 'b1900000-0000-0000-0000-000000000006', 33, 'true_false', '[Write YES / NO / NOT GIVEN] Many people who ended up winning prestigious intellectual prizes only reached an average standard when young.', 'YES', 1),
('c1900000-0000-0000-0000-000000000074', 'b1900000-0000-0000-0000-000000000006', 34, 'true_false', '[Write YES / NO / NOT GIVEN] Einstein''s failures as a young man were due to his lack of confidence.', 'NOT GIVEN', 1),
('c1900000-0000-0000-0000-000000000075', 'b1900000-0000-0000-0000-000000000006', 35, 'true_false', '[Write YES / NO / NOT GIVEN] It is difficult to reach agreement on whether some children are actually born gifted.', 'YES', 1),
('c1900000-0000-0000-0000-000000000076', 'b1900000-0000-0000-0000-000000000006', 36, 'true_false', '[Write YES / NO / NOT GIVEN] Einstein was upset by the public''s view of his life''s work.', 'NOT GIVEN', 1),
('c1900000-0000-0000-0000-000000000077', 'b1900000-0000-0000-0000-000000000006', 37, 'true_false', '[Write YES / NO / NOT GIVEN] Einstein put his success down to the speed at which he dealt with scientific questions.', 'NO', 1),
-- PASSAGE 3: Q38-40 multiple_choice
('c1900000-0000-0000-0000-000000000078', 'b1900000-0000-0000-0000-000000000006', 38, 'multiple_choice', 'What does Eyre believe is needed for children to equal gifted standards? A) strict discipline from the teaching staff B) assistance from their peers in the classroom C) the development of a spirit of inquiry towards their studies D) the determination to surpass everyone else''s achievements', 'C', 1),
('c1900000-0000-0000-0000-000000000079', 'b1900000-0000-0000-0000-000000000006', 39, 'multiple_choice', 'What is the result of Ericsson''s research? A) Very gifted students do not need to work on improving memory skills. B) Being born with a special gift is not the key factor in becoming expert. C) Including time for physical exercise is crucial in raising performance. D) 10,000 hours of relevant and demanding work will create a genius.', 'B', 1),
('c1900000-0000-0000-0000-000000000080', 'b1900000-0000-0000-0000-000000000006', 40, 'multiple_choice', 'In the penultimate paragraph, it is stated the key to some deprived children''s success is: A) a regular and nourishing diet at home. B) the loving support of more than one parent. C) a community which has well-funded facilities for learning. D) the guidance of someone who recognises the benefits of learning.', 'D', 1);

-- ============================================================
-- Cambridge IELTS 19 Academic — Reading Test 3
-- ============================================================

INSERT INTO tests (id, title, type, book_number, test_number, difficulty) VALUES
  ('a1900000-0000-0000-0000-000000000003', 'Cambridge IELTS 19 — Reading Test 3', 'reading', 19, 3, 'medium');

INSERT INTO test_sections (id, test_id, section_number, title, instructions) VALUES
(
  'b1900000-0000-0000-0000-000000000007',
  'a1900000-0000-0000-0000-000000000003',
  1,
  'Archaeologists discover evidence of prehistoric island settlers',
  'PASSAGE 1: Archaeologists discover evidence of prehistoric island settlers\n\nYou should spend about 20 minutes on Questions 1-13.\n\nIn early April 2019, Dr Ceri Shipton and his colleagues from Australian National University became the first archaeologists to explore Obi, one of many tropical islands in Indonesia''s Maluku Utara province. The research team''s discoveries suggest that the prehistoric people who lived on Obi were adept on both land and sea, hunting in the dense rainforest, foraging on the seashore, and possibly even voyaging between islands.\n\nThe excavations were part of a project to learn more about how people first dispersed from mainland Asia, through the Indonesian archipelago and into the prehistoric continent that once connected Australia and New Guinea. The team''s earlier research suggested that the northernmost islands in the group, known as the Wallacean islands, including Obi, would have offered the easiest migration route. It also seemed likely that these islands were crucial stepping stones on humans'' island-hopping voyages through this region millennia ago. But to support this idea, they needed archaeological evidence for humans living in this remote area in the ancient past. So, they travelled to Obi to look for sites that might reveal evidence of early occupation.\n\nJust inland from the village of Kelo on Obi''s northern coast, Shipton and his colleagues found two caves containing prehistoric rock shelters that were suitable for excavation. With the permission and help of the local people of Kelo, they dug a small test excavation in each shelter. There they found numerous artefacts, including fragments of axes, some dating to about 14,000 years ago. The earliest axes at Kelo were made using clam shells. Axes made from clam shells from roughly the same time had also previously been found elsewhere in this region, including on the nearby island of Gebe to the northeast. As on Gebe, it is highly likely that Obi''s axes were used in the construction of canoes, thus allowing these early peoples to maintain connections between communities on neighbouring islands.\n\nThe oldest cultural layers from the Kelo site provided the team with the earliest record for human occupation on Obi, dating back around 18,000 years. At this time the climate was drier and colder than today, and the island''s dense rainforests would likely have been much less impenetrable than they are now. Sea levels were about 120 metres lower, meaning Obi was a much larger island.\n\nRoughly 11,700 years ago, as the most recent ice age ended, the climate became significantly warmer and wetter. According to the researchers, it is no coincidence that around this time the first axes crafted from stone rather than sea shells appear, likely in response to their heavy-duty use for clearing and modification of the increasingly dense rainforest. While stone takes about twice as long to grind into an axe compared to shell, the harder material keeps its sharp edge for longer.\n\nJudging by the bones which the researchers unearthed in the Kelo caves, people living there mainly hunted the Rothschild''s cuscus, a possum-like creature that still lives on Obi today. As the forest grew more dense, people probably used axes to clear patches of forest and make hunting easier.\n\nShipton''s team''s excavation of the shelters at the Kelo site unearthed a volcanic glass substance called obsidian, which must have been brought over from another island, as there is no known source on Obi. It also revealed particular types of beads, similar to those previously found on islands in southern Wallacea. These finds again support the idea that Obi islanders routinely travelled to other islands.\n\nThe excavations suggest people successfully lived in the two Kelo shelters for about 10,000 years. But then, about 8,000 years ago, both were abandoned. Perhaps the jungle had grown so thick that axes were no longer a match for the dense undergrowth. Perhaps people simply moved to the coast and turned to fishing rather than hunting as a means of survival.\n\nWhatever the reason for the departure, there is no evidence for use of the Kelo shelters after this time, until about 1,000 years ago, when they were re-occupied by people who owned pottery as well as items made out of gold and silver. It seems likely, in view of Obi''s location, that this final phase of occupation also saw the Kelo shelters used by people involved in the historic trade in spices between the Maluku islands and the rest of the world.'
),
(
  'b1900000-0000-0000-0000-000000000008',
  'a1900000-0000-0000-0000-000000000003',
  2,
  'The global importance of wetlands',
  'PASSAGE 2: The global importance of wetlands\n\nYou should spend about 20 minutes on Questions 14-26.\n\nA  Wetlands are areas where water covers the soil, or is present either at or near the surface of the soil, for all or part of the year. These are complex ecosystems, rich in unique plant and animal life. But according to the World Wide Fund for Nature (WWFN), half of the world''s wetlands have disappeared since 1990 - converted or destroyed for commercial development, drainage schemes and the extraction of minerals and peat. Many of those that remain have been damaged by agricultural pesticides and fertilisers, industrial pollutants, and construction works.\n\nB  Throughout history, humans have gathered around wetlands, and their fertile ecosystems have played an important part in human development. Consequently, they are of considerable religious, historical and archaeological value to many communities around the world. Wetlands directly support the livelihoods and well-being of millions of people, says Dr Matthew McCartney, principal researcher and hydrologist at the International Water Management Institute (IWMI). In many developing countries, large numbers of people are dependent on wetland agriculture for their livelihoods.\n\nC  They also serve a crucial environmental purpose. Wetlands are one of the key tools in mitigating climate change across the planet, says Pieter van Eijk, head of Climate Adaptation at Wetlands International (WI), pointing to their use as buffers that protect coastal areas from sea-level rise and extreme weather events such as hurricanes and flooding. Wetland coastal forests provide food and water, as well as shelter from storms, and WI and other agencies are working to restore those forests which have been lost. It can be as simple as planting a few trees per hectare to create shade and substantially change a microclimate, he says.\n\nD  The world''s wetlands are, unfortunately, rich sources for in-demand commodities, such as palm oil and pulpwood. Peatlands - wetlands with a waterlogged organic soil layer - are particularly targeted. When peatlands are drained for cultivation, they become net carbon emitters instead of active carbon stores, and this practice causes six per cent of all global carbon emissions. The clearance of peatlands for planting also increases the risk of forest fires, which release huge amounts of CO2.\n\nE  The damage starts when logging companies arrive to clear the trees. They dig ditches to enter the peat swamps by boat and then float the logs out the same way. These are then used to drain water out of the peatlands for the planting of corn, oil palms or pulpwood trees. Once the water has drained away, bacteria and fungi then break down the carbon in the peat and turn it into CO2 and methane. Meanwhile, the remainder of the solid matter in the peat starts to move downwards, in a process known as subsidence. Peat comprises 90 per cent water, so this is one of the most alarming consequences of peatland clearances. In the tropics, peat subsides at about four centimetres a year, so within half a century, very large landscapes on Sumatra and Borneo will become flooded as the peat drops below water level.\n\nF  And while these industries affect wetlands in ways that can easily be documented, Dr Dave Tickner of the WWFN believes that more subtle impacts can be even more devastating. Sediment run-off and fertilisers can be pretty invisible. Over-extraction of water is equally invisible. Tickner does not blame anyone for deliberate damage, however. I''ve worked on wetland issues for 20 years and have never met anybody who wanted to damage a wetland. Quite often, the effects simply come from people trying to make a living.\n\nG  Silvius also acknowledges the importance of income generation. It''s not that we just want to restore the biodiversity of wetlands - which we do - but we recognise there''s a need to provide an income for local people. This approach is supported by IWMI. The idea is that people in a developing country will only protect wetlands if they value and profit from them, says McCartney. For sustainability, it''s essential that local people are involved in wetland planning and decision making and have clear rights to use wetlands.\n\nH  The fortunes of wetlands would be improved, Silvius suggests, if more governments recognised their long-term value. Different governments have different attitudes, he says. Some countries place a high priority on restoring wetlands, while others still deny the issue. McCartney is cautiously optimistic, however. Awareness of the importance of wetlands is growing. It''s true that wetland degradation still continues at a rapid pace, but my impression is that things are slowly changing.'
),
(
  'b1900000-0000-0000-0000-000000000009',
  'a1900000-0000-0000-0000-000000000003',
  3,
  'Is the era of artificial speech translation upon us?',
  'PASSAGE 3: Is the era of artificial speech translation upon us?\n\nYou should spend about 20 minutes on Questions 27-40.\n\nOnce the stuff of science fiction, technology that enables people to talk using different languages is now here. But how effective is it?\n\nNoise, Alex Waibel tells me, is one of the major challenges that artificial speech translation has to meet. A device may be able to recognise speech in a laboratory, or a meeting room, but will struggle to cope with the kind of background noise found in a busy office. I''m struggling to follow him in English, on a scratchy line that reminds me we are nearly 10,000 kilometres apart.\n\nAt Karlsruhe Institute of Technology, where he is a professor of computer science, Waibel and his colleagues already give lectures in German that their students can follow in English via an electronic translator. The system generates text that students can read on their laptops or phones, so the process is somewhat similar to subtitling. It helps that lecturers speak clearly, don''t have to compete with background chatter, and say much the same thing each year.\n\nThe idea of artificial speech translation has been around for a long time. Douglas Adams'' science fiction novel, The Hitchhiker''s Guide to the Galaxy, published in 1979, featured a life form called the Babel fish which, when placed in the ear, enabled a listener to understand any language in the universe. It came to represent one of those devices that technology enthusiasts dream of long before they become practically realisable, like TVs flat enough to hang on walls. Now devices that look like prototype Babel fish have started to appear, riding a wave of advances in artificial translation and voice recognition.\n\nAt this stage, however, they seem to be regarded as eye-catching novelties rather than steps towards what Waibel calls making a language-transparent society. They tend to be domestic devices or applications suitable for hotel check-ins, for example, providing a practical alternative to speaking traveller''s English. The efficiency of the translator is less important than the social function. However, Professionals are less inclined to be patient in a conversation, founder and CEO at Waverly Labs, Andrew Ochoa, observes. To redress this, Waverly is now preparing a new model for professional applications.\n\nFor a conversation, both speakers need to have devices called Pilots in their ears. We find that there''s a barrier with sharing one of the earphones with a stranger, says Ochoa. The problem would be solved if earpiece translators became sufficiently prevalent that strangers would be likely to already have their own in their ears.\n\nWaibel highlights the significance of certain Asian nations, noting that voice translation has really taken off in countries such as Japan. A translation system needs to be simultaneous, like the translator''s voice speaking over the foreign politician being interviewed on the TV. It needs to work offline, for situations where internet access isn''t possible, and to address apprehensions about the amount of private speech data accumulating in the cloud.\n\nSystems not only need to cope with physical challenges such as noise, they will also need to be socially aware by addressing people in the right way. Some cultural traditions demand solemn respect for academic status, and it is only polite to respect this. Etiquette-sensitive artificial translators could relieve people of the need to know these differing cultural norms. At the same time, they might help to preserve local customs, slowing the spread of habits associated with international English.\n\nProfessors and other professionals will not outsource language awareness to software, though. If the technology matures into seamless, ubiquitous artificial speech translation, it will actually add value to language skills. Whether it will help people conduct their family lives or relationships is open to question - though one noteworthy possibility is that it could overcome the language barriers that often arise between generations after migration.\n\nWhatever uses it is put to, though, it will never be as good as the real thing. Even if voice-morphing technology simulates the speaker''s voice, their lip movements won''t match. The contrast will underline the value of shared languages, and the value of learning them. Sharing a language can promote a sense of belonging and community. Though the practical need for a common language will diminish, the social value of sharing one will persist. And software will never be a substitute for the subtle but vital understanding that comes with knowledge of a language.'
);

INSERT INTO questions (id, section_id, question_number, question_type, question_text, correct_answer, points) VALUES
-- PASSAGE 1: Q1-7 true_false
('c1900000-0000-0000-0000-000000000081', 'b1900000-0000-0000-0000-000000000007', 1, 'true_false', '[Write TRUE / FALSE / NOT GIVEN] Archaeological research had taken place on the island of Obi before the arrival of Ceri Shipton and his colleagues.', 'FALSE', 1),
('c1900000-0000-0000-0000-000000000082', 'b1900000-0000-0000-0000-000000000007', 2, 'true_false', '[Write TRUE / FALSE / NOT GIVEN] At the Kelo sites, the researchers found the first clam shell axes ever to be discovered in the region.', 'FALSE', 1),
('c1900000-0000-0000-0000-000000000083', 'b1900000-0000-0000-0000-000000000007', 3, 'true_false', '[Write TRUE / FALSE / NOT GIVEN] The size of Obi today is less than it was 18,000 years ago.', 'TRUE', 1),
('c1900000-0000-0000-0000-000000000084', 'b1900000-0000-0000-0000-000000000007', 4, 'true_false', '[Write TRUE / FALSE / NOT GIVEN] A change in the climate around 11,700 years ago had a greater impact on Obi than on the surrounding islands.', 'NOT GIVEN', 1),
('c1900000-0000-0000-0000-000000000085', 'b1900000-0000-0000-0000-000000000007', 5, 'true_false', '[Write TRUE / FALSE / NOT GIVEN] The researchers believe there is a connection between warmer, wetter weather and a change in the material used to make axes.', 'TRUE', 1),
('c1900000-0000-0000-0000-000000000086', 'b1900000-0000-0000-0000-000000000007', 6, 'true_false', '[Write TRUE / FALSE / NOT GIVEN] Shipton''s team were surprised to find evidence of the Obi islanders'' hunting practices.', 'NOT GIVEN', 1),
('c1900000-0000-0000-0000-000000000087', 'b1900000-0000-0000-0000-000000000007', 7, 'true_false', '[Write TRUE / FALSE / NOT GIVEN] It is thought that the Kelo shelters were occupied continuously until about 1,000 years ago.', 'FALSE', 1),
-- PASSAGE 1: Q8-13 fill_blank
('c1900000-0000-0000-0000-000000000088', 'b1900000-0000-0000-0000-000000000007', 8, 'fill_blank', '[Complete the notes. Choose ONE WORD ONLY from the passage.] Excavations of rock shelters inside ___ (8) near the village of Kelo revealed artefacts.', 'caves', 1),
('c1900000-0000-0000-0000-000000000089', 'b1900000-0000-0000-0000-000000000007', 9, 'fill_blank', '[Complete the notes. Choose ONE WORD ONLY from the passage.] Axes made out of ___ (9), dating from around 11,700 years ago.', 'stone', 1),
('c1900000-0000-0000-0000-000000000090', 'b1900000-0000-0000-0000-000000000007', 10, 'fill_blank', '[Complete the notes. Choose ONE WORD ONLY from the passage.] ___ (10) of an animal: evidence of what ancient islanders ate.', 'bones', 1),
('c1900000-0000-0000-0000-000000000091', 'b1900000-0000-0000-0000-000000000007', 11, 'fill_blank', '[Complete the notes. Choose ONE WORD ONLY from the passage.] ___ (11) which resembled ones found on other islands.', 'beads', 1),
('c1900000-0000-0000-0000-000000000092', 'b1900000-0000-0000-0000-000000000007', 12, 'fill_blank', '[Complete the notes. Choose ONE WORD ONLY from the passage.] Had ___ (12) as well as items made out of metal.', 'pottery', 1),
('c1900000-0000-0000-0000-000000000093', 'b1900000-0000-0000-0000-000000000007', 13, 'fill_blank', '[Complete the notes. Choose ONE WORD ONLY from the passage.] Probably took part in the production and sale of ___ (13).', 'spices', 1),
-- PASSAGE 2: Q14-17 matching (paragraphs A-H)
('c1900000-0000-0000-0000-000000000094', 'b1900000-0000-0000-0000-000000000008', 14, 'matching', '[Match to paragraph: A=Wetlands disappearing B=Human history and wetlands C=Environmental purpose D=Peatlands as carbon emitters E=Logging damage F=Subtle invisible damage G=Local income needed H=Government attitudes] reference to the need to ensure that inhabitants of wetland regions continue to benefit from them', 'G', 1),
('c1900000-0000-0000-0000-000000000095', 'b1900000-0000-0000-0000-000000000008', 15, 'matching', '[Match to paragraph: A=Wetlands disappearing B=Human history and wetlands C=Environmental purpose D=Peatlands as carbon emitters E=Logging damage F=Subtle invisible damage G=Local income needed H=Government attitudes] the proportion of wetlands which have already been lost', 'A', 1),
('c1900000-0000-0000-0000-000000000096', 'b1900000-0000-0000-0000-000000000008', 16, 'matching', '[Match to paragraph: A=Wetlands disappearing B=Human history and wetlands C=Environmental purpose D=Peatlands as carbon emitters E=Logging damage F=Subtle invisible damage G=Local income needed H=Government attitudes] reference to the idea that people are beginning to appreciate the value of wetlands', 'H', 1),
('c1900000-0000-0000-0000-000000000097', 'b1900000-0000-0000-0000-000000000008', 17, 'matching', '[Match to paragraph: A=Wetlands disappearing B=Human history and wetlands C=Environmental purpose D=Peatlands as carbon emitters E=Logging damage F=Subtle invisible damage G=Local income needed H=Government attitudes] mention of the cultural significance of wetlands', 'B', 1),
-- PASSAGE 2: Q18-22 fill_blank
('c1900000-0000-0000-0000-000000000098', 'b1900000-0000-0000-0000-000000000008', 18, 'fill_blank', '[Complete the sentences. Choose ONE WORD ONLY from the passage.] Peatlands which have been drained begin to release ___ (18) instead of storing it.', 'carbon', 1),
('c1900000-0000-0000-0000-000000000099', 'b1900000-0000-0000-0000-000000000008', 19, 'fill_blank', '[Complete the sentences. Choose ONE WORD ONLY from the passage.] Once peatland areas have been cleared, ___ (19) are more likely to occur.', 'fires', 1),
('c1900000-0000-0000-0000-000000000100', 'b1900000-0000-0000-0000-000000000008', 20, 'fill_blank', '[Complete the sentences. Choose ONE WORD ONLY from the passage.] Clearing peatland forests to make way for oil palm plantations destroys the ___ (20) of the local environment.', 'biodiversity', 1),
('c1900000-0000-0000-0000-000000000101', 'b1900000-0000-0000-0000-000000000008', 21, 'fill_blank', '[Complete the sentences. Choose ONE WORD ONLY from the passage.] Water is drained out of peatlands through the ___ (21) which are created by logging companies.', 'ditches', 1),
('c1900000-0000-0000-0000-000000000102', 'b1900000-0000-0000-0000-000000000008', 22, 'fill_blank', '[Complete the sentences. Choose ONE WORD ONLY from the passage.] Draining peatlands leads to ___ (22): a serious problem which can eventually result in coastal flooding and land loss.', 'subsidence', 1),
-- PASSAGE 2: Q23-26 matching (experts A-D)
('c1900000-0000-0000-0000-000000000103', 'b1900000-0000-0000-0000-000000000008', 23, 'matching', '[Match to expert: A=Matthew McCartney B=Pieter van Eijk C=Marcel Silvius D=Dave Tickner] Communities living in wetland regions must be included in discussions about the future of these areas.', 'A', 1),
('c1900000-0000-0000-0000-000000000104', 'b1900000-0000-0000-0000-000000000008', 24, 'matching', '[Match to expert: A=Matthew McCartney B=Pieter van Eijk C=Marcel Silvius D=Dave Tickner] Official policies towards wetlands vary from one nation to the next.', 'C', 1),
('c1900000-0000-0000-0000-000000000105', 'b1900000-0000-0000-0000-000000000008', 25, 'matching', '[Match to expert: A=Matthew McCartney B=Pieter van Eijk C=Marcel Silvius D=Dave Tickner] People cause harm to wetlands without having any intention to do so.', 'D', 1),
('c1900000-0000-0000-0000-000000000106', 'b1900000-0000-0000-0000-000000000008', 26, 'matching', '[Match to expert: A=Matthew McCartney B=Pieter van Eijk C=Marcel Silvius D=Dave Tickner] Initiatives to reverse environmental damage need not be complex.', 'B', 1),
-- PASSAGE 3: Q27-30 multiple_choice
('c1900000-0000-0000-0000-000000000107', 'b1900000-0000-0000-0000-000000000009', 27, 'multiple_choice', 'What does the reader learn about the conversation in the first paragraph? A) The speakers are communicating in different languages. B) Neither of the speakers is familiar with their environment. C) The topic of the conversation is difficult for both speakers. D) Aspects of the conversation are challenging for both speakers.', 'D', 1),
('c1900000-0000-0000-0000-000000000108', 'b1900000-0000-0000-0000-000000000009', 28, 'multiple_choice', 'What assists the electronic translator during lectures at Karlsruhe Institute of Technology? A) the repeated content of lectures B) the students'' reading skills C) the languages used D) the lecturers'' technical ability', 'A', 1),
('c1900000-0000-0000-0000-000000000109', 'b1900000-0000-0000-0000-000000000009', 29, 'multiple_choice', 'When referring to The Hitchhiker''s Guide to the Galaxy, the writer suggests that: A) the Babel fish was considered undesirable at the time. B) this book was not seriously intending to predict the future. C) artificial speech translation was not a surprising development. D) some speech translation techniques are better than others.', 'C', 1),
('c1900000-0000-0000-0000-000000000110', 'b1900000-0000-0000-0000-000000000009', 30, 'multiple_choice', 'What does the writer say about sharing earpieces? A) It is something people will get used to doing. B) The reluctance to do this is understandable. C) The equipment will be unnecessary in the future. D) It is something few people need to worry about.', 'B', 1),
-- PASSAGE 3: Q31-34 matching (sentence endings A-F)
('c1900000-0000-0000-0000-000000000111', 'b1900000-0000-0000-0000-000000000009', 31, 'matching', '[Match sentence ending: A=but there are concerns about this B=as systems do not need to conform to standard practices C=but they are far from perfect D=despite the noise issues E=because translation is immediate F=and have an awareness of good manners] Speech translation methods are developing fast in Japan ___ (31).', 'C', 1),
('c1900000-0000-0000-0000-000000000112', 'b1900000-0000-0000-0000-000000000009', 32, 'matching', '[Match sentence ending: A=but there are concerns about this B=as systems do not need to conform to standard practices C=but they are far from perfect D=despite the noise issues E=because translation is immediate F=and have an awareness of good manners] TV interviews that use translation voiceover methods are successful ___ (32).', 'E', 1),
('c1900000-0000-0000-0000-000000000113', 'b1900000-0000-0000-0000-000000000009', 33, 'matching', '[Match sentence ending: A=but there are concerns about this B=as systems do not need to conform to standard practices C=but they are far from perfect D=despite the noise issues E=because translation is immediate F=and have an awareness of good manners] Future translation systems should address people appropriately ___ (33).', 'F', 1),
('c1900000-0000-0000-0000-000000000114', 'b1900000-0000-0000-0000-000000000009', 34, 'matching', '[Match sentence ending: A=but there are concerns about this B=as systems do not need to conform to standard practices C=but they are far from perfect D=despite the noise issues E=because translation is immediate F=and have an awareness of good manners] Users may be able to maintain their local customs ___ (34).', 'B', 1),
-- PASSAGE 3: Q35-40 true_false YES/NO/NOT GIVEN
('c1900000-0000-0000-0000-000000000115', 'b1900000-0000-0000-0000-000000000009', 35, 'true_false', '[Write YES / NO / NOT GIVEN] Language translation systems will be seen as very useful throughout the academic and professional worlds.', 'NO', 1),
('c1900000-0000-0000-0000-000000000116', 'b1900000-0000-0000-0000-000000000009', 36, 'true_false', '[Write YES / NO / NOT GIVEN] The overall value of automated translation to family life is yet to be shown.', 'YES', 1),
('c1900000-0000-0000-0000-000000000117', 'b1900000-0000-0000-0000-000000000009', 37, 'true_false', '[Write YES / NO / NOT GIVEN] Automated translation could make life more difficult for immigrant families.', 'NO', 1),
('c1900000-0000-0000-0000-000000000118', 'b1900000-0000-0000-0000-000000000009', 38, 'true_false', '[Write YES / NO / NOT GIVEN] Visual aspects of language translation are being considered by scientists.', 'NOT GIVEN', 1),
('c1900000-0000-0000-0000-000000000119', 'b1900000-0000-0000-0000-000000000009', 39, 'true_false', '[Write YES / NO / NOT GIVEN] International scientists have found English easier to translate into other languages than Latin.', 'NOT GIVEN', 1),
('c1900000-0000-0000-0000-000000000120', 'b1900000-0000-0000-0000-000000000009', 40, 'true_false', '[Write YES / NO / NOT GIVEN] As far as language is concerned, there is a difference between people''s social and practical needs.', 'YES', 1);

-- ============================================================
-- Cambridge IELTS 19 Academic — Reading Test 4 (Test 5 on site)
-- ============================================================

INSERT INTO tests (id, title, type, book_number, test_number, difficulty) VALUES
  ('a1900000-0000-0000-0000-000000000004', 'Cambridge IELTS 19 — Reading Test 5', 'reading', 19, 5, 'medium');

INSERT INTO test_sections (id, test_id, section_number, title, instructions) VALUES
(
  'b1900000-0000-0000-0000-000000000010',
  'a1900000-0000-0000-0000-000000000004',
  1,
  'The impact of climate change on butterflies in Britain',
  'PASSAGE 1: The impact of climate change on butterflies in Britain\n\nYou should spend about 20 minutes on Questions 1-13.\n\nAccording to conservationists, populations of around two thirds of butterfly species have declined in Britain over the past 40 years. If this trend continues, it might have unpredictable knock-on effects for other species in the ecosystem. Butterfly eggs develop into caterpillars and these insects, which are the second stage in a new butterfly''s lifecycle, consume vast quantities of plant material, and in turn act as prey for birds as well as bats and other small mammals. Only by arming themselves with an understanding of why butterfly numbers are down can conservationists hope to halt or reverse the decline.\n\nButterflies prefer outdoor conditions to be just right, which means neither too hot nor too cold. Under the conditions of climate change, the temperature at any given time in summer is generally getting warmer, leaving butterflies with the challenge of how to deal with this. One of the main ways in which species are ensuring conditions suit them is by changing the time of year at which they are active and reproduce. Scientists refer to the timing of such lifecycle events as phenology, so when an animal or plant starts to do something earlier in the year than it usually does, it is said to be advancing its phenology.\n\nThese advances have been observed already in a wide range of butterflies - indeed, most species are advancing their phenology to some extent. In Britain, as the average spring temperature has increased by roughly 0.5 degrees C over the past 20 years, species have advanced by between three days and a week on average, to keep in line with cooler temperatures. Is this a sign that butterflies are well equipped to cope with climate change, and readily adjust to new temperatures? Or are these populations under stress, being dragged along unwillingly by unnaturally fast changes? The answer is still unknown, but a new study is seeking to answer these questions.\n\nFirst, the researchers pulled together data from millions of records that had been submitted by butterfly enthusiasts - people who spend their free time observing the activities of different species. This provided information on 130 species of butterflies in Great Britain every year for a 20-year period. They then estimated the abundance and distribution of each species across this time, along with how far north in the country they had moved. The data also, crucially, allowed researchers to estimate subtle changes in what time of the year each species was changing into an adult butterfly.\n\nAnalysing the trends in each variable, the researchers discovered that species with more flexible lifecycles were more likely to be able to benefit from an earlier emergence driven by climate change. Some species are able to go from caterpillar to butterfly twice or more per year, so that the individual butterflies you see flying in the spring are the grandchildren or great-grandchildren of the individuals seen a year previously.\n\nAmong these species, researchers observed that those which have been advancing their phenology the most over the 20-year study period also had the most positive trends in abundance, distribution and northwards extent. For these species, such as Britain''s tiniest butterfly, the dainty Small Blue, whose colonies are up to a hundred strong, some develop into butterflies early in spring, allowing their summer generations to complete another reproductive cycle by autumn so that more population growth occurs.\n\nOther species, however, are less flexible and restricted to a single reproductive cycle per year. For these species, there was no evidence of any benefit to emerging earlier. Indeed, worryingly, it was found that the species in this group that specialise in very specific habitat types, often related to the caterpillar''s preferred diet, actually tended to be most at harm from advancing phenology. The beautiful High Brown Fritillary, often described as Britain''s most endangered butterfly, is in this group. It is found only in coppiced woodland and limestone pavement habitats. It is also a single-generation butterfly that has advanced its phenology. This suggests that climate change, while undoubtedly not the sole cause, might have played a part in the downfall of this species.\n\nAll is not lost, however. Many of Britain''s single-generation species show the capacity, in continental Europe, to add a second generation in years that are sufficiently warm. Therefore, as the climate continues to warm, species like the Silver-studded Blue might be able to switch to multiple generations in the UK as well, and so begin to extract benefits from the additional warmth, potentially leading to population increases.\n\nMore immediately, conservationists can arm themselves with all this knowledge to spot the warning signs of species that may be at risk. The White Admiral of southern England, a much sought-after butterfly, experienced a significant increase in numbers from the 1920s but has shown a considerable decline in the past 20 years. This may be because the caterpillar exists solely on a diet of a plant called honeysuckle. But it is also likely to be due to climate change.'
),
(
  'b1900000-0000-0000-0000-000000000011',
  'a1900000-0000-0000-0000-000000000004',
  2,
  'Deep-sea mining',
  'PASSAGE 2: Deep-sea mining\n\nYou should spend about 20 minutes on Questions 14-26.\n\nBacteria from the ocean floor can beat superbugs and cancer. But habitats are at risk from the hunger for marine minerals.\n\nA  When Professor Mat Upton found that a microbe from a deep-sea sponge was killing pathogenic bugs in his laboratory, he realised it could be a breakthrough in the fight against antibiotic-resistant superbugs, which are responsible for thousands of deaths a year in the UK alone. Further tests confirmed that an antibiotic from the sponge bacteria, found living more than 700 metres under the sea at the Rockall trough in the north-east Atlantic, was previously unknown to science, boosting its potential as a life-saving medicine. But Upton, and other scientists who view the deep ocean and its wealth of unique and undocumented species as a prospecting ground for new medicines, fear such potential will be lost in the rush to exploit the deep sea''s equally rich metal and mineral resources.\n\nB  We''re looking at the bioactive potential of marine resources, to see if there are any more medicines or drugs down there before we destroy it for ever, says Upton, a medical microbiologist at the University of Plymouth. He is among many scientists urging a halt to deep-sea mining, asking for time to weigh up the pros and cons. In sustainability terms, this could be a better way of exploiting the economic potential of the deep sea, he argues. Oceanographers using remotely operated vehicles have spotted many new species. Among them have been sea cucumbers with tails allowing them to sail along the ocean floor, and a rare Dumbo octopus, found 3,000 metres under the Pacific Ocean, off the coast of California. Any one of these could offer lifesaving potential. Upton estimates it could take up to a decade for a newly discovered antibiotic to become a medicine - but the race towards commercial mining in the ocean abyss has already begun.\n\nC  The deep sea contains more nickel, cobalt and rare earth metals than all land reserves combined, according to the US Geological Survey. Mining corporations argue that deep-sea exploration could help diversify the supply of metals and point to the fact that demand for resources such as copper, aluminium, cobalt for electric car batteries and other metals to power technology and smartphones, is soaring. They say that deep-sea mining could yield far superior ore to land mining with little, if any, waste. Different methods of extraction exist, but most involve employing some form of converted machinery previously used in terrestrial mining to excavate materials from the sea floor, at depths of up to 6,000 metres, then drawing a seawater slurry, containing rock and other solid particles, from the sea floor to ships on the surface. The slurry is then de-watered and transferred to another vessel for shipping. Extracted seawater is pumped back down and discharged close to the sea floor.\n\nD  But environmental and legal groups have urged caution, arguing there are potentially massive and unknown ramifications for the environment and for nearby communities, and that the global regulatory framework is not yet drafted. Despite arising in the last half century, the new global gold rush of deep-sea mining shares many features with past resource scrambles - including a general disregard for environmental and social impacts, and the marginalisation of indigenous peoples and their rights. The surface of the Moon, Mars and even Venus have all been mapped and studied in much greater detail, leading marine scientists to commonly remark that, with respect to the deep sea, we don''t yet know what we need to know.\n\nE  Scientific research has suggested that the deep seabed, and hydrothermal vents, which are created when seawater meets volcanic magma, have crucial impacts upon biodiversity and the global climate. The mineral-rich vents and their surrounds are also home to many well-known animals including crustaceans, tubeworms, clams, slugs, anemones and fish. It is becoming increasingly clear that deep-sea mining poses a grave threat to these vital seabed functions. Extraction methods would produce large sediment plumes and involve the discharge of waste back into the ocean, significantly disturbing seafloor environments. On deep sea vents, scientists are clear, says Dr Jon Copley of the National Oceanography Centre, Southampton: we don''t want mining on them.\n\nF  The oceans occupy around 70% of the planet and are relatively unexplored, says Mike Johnston, chief executive of Nautilus, a Canadian underwater exploration company. It makes sense to explore this untapped potential in an environmentally sustainable way, instead of continually looking at the fast depleting land resources of the planet to meet society''s rising needs. Those leading the global rush to place giant mining machines thousands of metres below the sea surface say the environmental impacts will be far lower than on land. But critics say exotic and little-known ecosystems in the deep oceans could be destroyed and must be protected. Mining will be the greatest assault on deep-sea ecosystems ever inflicted by humans, according to hydrothermal vent expert Verena Tunnicliffe, at the University of Victoria in Canada. She argues that active vents must be off-limits for mining to protect the new knowledge and biotechnology spin-offs they can deliver, and that strict controls must be in place elsewhere.'
),
(
  'b1900000-0000-0000-0000-000000000012',
  'a1900000-0000-0000-0000-000000000004',
  3,
  'The Unselfish Gene',
  'PASSAGE 3: The Unselfish Gene\n\nYou should spend about 20 minutes on Questions 27-40.\n\nA psychologist gives his view on how humans became self-centred.\n\nThere has long been a general assumption that human beings are essentially selfish. We''re apparently ruthless, with strong impulses to compete against each other for resources and to accumulate power and possessions. If we are kind to one another, it''s usually because we have ulterior motives. If we are good, it''s only because we have managed to control and transcend our innate selfishness and brutality.\n\nThis bleak view of human nature is closely associated with the science writer Richard Dawkins, whose 1976 book The Selfish Gene became popular because it fitted so well with - and helped to justify - the competitive and individualistic ethos that was so prevalent in late 20th-century societies. Like many others, Dawkins justifies his views with reference to the field of evolutionary psychology. Evolutionary psychology theorises that present-day human traits developed in prehistoric times, during what is termed the environment of evolutionary adaptedness.\n\nPrehistory is usually seen as a period of intense competition, when life was such a brutal battle that only those with traits such as selfishness, aggression and ruthlessness survived. And because survival depended on access to resources - such as rivers, forests and animals - there was bound to be conflict between rival groups, which led to the development of traits such as racism and warfare. This seems logical. But, in fact, the assumption on which this all rests - that prehistoric life was a desperate struggle for survival - is false.\n\nIt''s important to remember that in the prehistoric era, the world was very sparsely populated. According to some estimates, around 15,000 years ago, the population of Europe was only 29,000, and the population of the whole world was less than half a million. Humans at that time were hunter-gatherers: people who lived by hunting wild animals and collecting wild plants. With such small population densities, it seems unlikely that prehistoric hunter-gatherer groups had to compete against each other for resources or had any need to develop ruthlessness and competitiveness, or to go to war.\n\nThere is significant evidence to back this notion from contemporary hunter-gatherer groups, who live in the same way as prehistoric humans did. As the anthropologist Bruce Knauft has remarked, hunter-gatherers are characterised by extreme political and sexual egalitarianism. Knauft has observed that individuals in such groups don''t accumulate property or possessions and have an ethical obligation to share everything. They also have methods of preserving egalitarianism by ensuring that disparities of status don''t arise.\n\nThe !Kung people of southern Africa, for example, swap arrows before going hunting and when an animal is killed, the acclaim does not go to the person who fired the arrow, but to the person the arrow belongs to. And if a person becomes too domineering, the other members of the group ostracise them, exiling the offender from society. Typically in such groups, men do not dictate what women do. Women in hunter-gatherer groups worldwide often benefit from a high level of autonomy, being able to select their own marriage partners, decide what work they do and work whenever they choose to.\n\nMany anthropologists believe that societies such as the !Kung were normal until a few thousand years ago, when population growth led to the development of agriculture and a settled lifestyle. In view of the above, there seems little reason to assume that traits such as racism, warfare and male domination should have been selected by evolution - as they would have been of little benefit in the prehistoric era. Individuals who behaved selfishly and ruthlessly would be less likely to survive, since they would have been ostracised from their groups.\n\nIt makes more sense, then, to see traits such as cooperation, egalitarianism, altruism and peacefulness as innate characteristics of human beings. These were the traits that were prevalent in human life for tens of thousands of years. So presumably these traits are still strong in us now.\n\nBut if prehistoric life wasn''t really as brutal as has often been assumed, why do modern humans behave so selfishly and ruthlessly? Perhaps these negative traits should be seen as a later development, the result of environmental and psychological factors. Research has shown repeatedly that when the natural habitats of primates such as apes and gorillas are disrupted, they tend to become more violent and hierarchical.\n\nSo, it could well be that the same thing has happened to us. I believe that the end of the hunter-gatherer lifestyle and the onset of farming was connected to a psychological change that occurred in some groups of people. There was a new sense of individuality and separateness, which led to a new selfishness, and ultimately to hierarchical societies, patriarchy and warfare. At any rate, these negative traits appear to have developed so recently that it doesn''t seem feasible to explain them in adaptive or evolutionary terms.'
);

INSERT INTO questions (id, section_id, question_number, question_type, question_text, correct_answer, points) VALUES
-- PASSAGE 1: Q1-6 true_false
('c1900000-0000-0000-0000-000000000121', 'b1900000-0000-0000-0000-000000000010', 1, 'true_false', '[Write TRUE / FALSE / NOT GIVEN] Forty years ago, there were fewer butterflies in Britain than at present.', 'FALSE', 1),
('c1900000-0000-0000-0000-000000000122', 'b1900000-0000-0000-0000-000000000010', 2, 'true_false', '[Write TRUE / FALSE / NOT GIVEN] Caterpillars are eaten by a number of different predators.', 'TRUE', 1),
('c1900000-0000-0000-0000-000000000123', 'b1900000-0000-0000-0000-000000000010', 3, 'true_false', '[Write TRUE / FALSE / NOT GIVEN] Phenology is a term used to describe a creature''s ability to alter the location of a lifecycle event.', 'FALSE', 1),
('c1900000-0000-0000-0000-000000000124', 'b1900000-0000-0000-0000-000000000010', 4, 'true_false', '[Write TRUE / FALSE / NOT GIVEN] Some species of butterfly have a reduced lifespan due to spring temperature increases.', 'NOT GIVEN', 1),
('c1900000-0000-0000-0000-000000000125', 'b1900000-0000-0000-0000-000000000010', 5, 'true_false', '[Write TRUE / FALSE / NOT GIVEN] There is a clear reason for the adaptations that butterflies are making to climate change.', 'FALSE', 1),
('c1900000-0000-0000-0000-000000000126', 'b1900000-0000-0000-0000-000000000010', 6, 'true_false', '[Write TRUE / FALSE / NOT GIVEN] The data used in the study was taken from the work of amateur butterfly watchers.', 'TRUE', 1),
-- PASSAGE 1: Q7-13 fill_blank
('c1900000-0000-0000-0000-000000000127', 'b1900000-0000-0000-0000-000000000010', 7, 'fill_blank', '[Complete the notes. Choose ONE WORD ONLY from the passage.] The Small Blue lives in large ___ (7).', 'colonies', 1),
('c1900000-0000-0000-0000-000000000128', 'b1900000-0000-0000-0000-000000000010', 8, 'fill_blank', '[Complete the notes. Choose ONE WORD ONLY from the passage.] The Small Blue first appears at the start of ___ (8).', 'spring', 1),
('c1900000-0000-0000-0000-000000000129', 'b1900000-0000-0000-0000-000000000010', 9, 'fill_blank', '[Complete the notes. Choose ONE WORD ONLY from the passage.] The High Brown Fritillary is considered to be more ___ (9) than other species.', 'endangered', 1),
('c1900000-0000-0000-0000-000000000130', 'b1900000-0000-0000-0000-000000000010', 10, 'fill_blank', '[Complete the notes. Choose ONE WORD ONLY from the passage.] Its caterpillars occupy a limited range of ___ (10).', 'habitats', 1),
('c1900000-0000-0000-0000-000000000131', 'b1900000-0000-0000-0000-000000000010', 11, 'fill_blank', '[Complete the notes. Choose ONE WORD ONLY from the passage.] The Silver-studded Blue is already able to reproduce twice a year in warm areas of ___ (11).', 'Europe', 1),
('c1900000-0000-0000-0000-000000000132', 'b1900000-0000-0000-0000-000000000010', 12, 'fill_blank', '[Complete the notes. Choose ONE WORD ONLY from the passage.] The White Admiral is found in ___ (12) areas of England.', 'southern', 1),
('c1900000-0000-0000-0000-000000000133', 'b1900000-0000-0000-0000-000000000010', 13, 'fill_blank', '[Complete the notes. Choose ONE WORD ONLY from the passage.] Both climate change and the ___ (13) of the caterpillar are possible reasons for decline.', 'diet', 1),
-- PASSAGE 2: Q14-17 matching paragraphs A-F
('c1900000-0000-0000-0000-000000000134', 'b1900000-0000-0000-0000-000000000011', 14, 'matching', '[Match to paragraph: A=Deep sea sponge discovery B=Scientists urging halt C=Mining corporations arguments D=Environmental concerns E=Hydrothermal vents research F=Oceans unexplored potential] reference to the rapidly increasing need for one raw material in the transport industry', 'C', 1),
('c1900000-0000-0000-0000-000000000135', 'b1900000-0000-0000-0000-000000000011', 15, 'matching', '[Match to paragraph: A=Deep sea sponge discovery B=Scientists urging halt C=Mining corporations arguments D=Environmental concerns E=Hydrothermal vents research F=Oceans unexplored potential] a rough estimate of the area of the Earth covered by the oceans', 'F', 1),
('c1900000-0000-0000-0000-000000000136', 'b1900000-0000-0000-0000-000000000011', 16, 'matching', '[Match to paragraph: A=Deep sea sponge discovery B=Scientists urging halt C=Mining corporations arguments D=Environmental concerns E=Hydrothermal vents research F=Oceans unexplored potential] how a particular underwater habitat, where minerals and organisms co-exist, is formed', 'E', 1),
('c1900000-0000-0000-0000-000000000137', 'b1900000-0000-0000-0000-000000000011', 17, 'matching', '[Match to paragraph: A=Deep sea sponge discovery B=Scientists urging halt C=Mining corporations arguments D=Environmental concerns E=Hydrothermal vents research F=Oceans unexplored potential] reference to the fact that the countries of the world have yet to agree on rules for the exploration of the seabed', 'D', 1),
-- PASSAGE 2: Q18-23 matching people A-E
('c1900000-0000-0000-0000-000000000138', 'b1900000-0000-0000-0000-000000000011', 18, 'matching', '[Match to person: A=Professor Mat Upton B=Julie Hunter Julian Aguon and Pradeep Singh C=Dr Jon Copley D=Mike Johnston E=Verena Tunnicliffe] A move away from the exploration of heavily mined reserves on land is a good idea.', 'D', 1),
('c1900000-0000-0000-0000-000000000139', 'b1900000-0000-0000-0000-000000000011', 19, 'matching', '[Match to person: A=Professor Mat Upton B=Julie Hunter Julian Aguon and Pradeep Singh C=Dr Jon Copley D=Mike Johnston E=Verena Tunnicliffe] The negative effects of undersea exploration on local areas and their inhabitants are being ignored.', 'B', 1),
('c1900000-0000-0000-0000-000000000140', 'b1900000-0000-0000-0000-000000000011', 20, 'matching', '[Match to person: A=Professor Mat Upton B=Julie Hunter Julian Aguon and Pradeep Singh C=Dr Jon Copley D=Mike Johnston E=Verena Tunnicliffe] There are more worthwhile things to extract from the sea than minerals.', 'A', 1),
('c1900000-0000-0000-0000-000000000141', 'b1900000-0000-0000-0000-000000000011', 21, 'matching', '[Match to person: A=Professor Mat Upton B=Julie Hunter Julian Aguon and Pradeep Singh C=Dr Jon Copley D=Mike Johnston E=Verena Tunnicliffe] No other form of human exploration will have such a destructive impact on marine life as deep-sea mining.', 'E', 1),
('c1900000-0000-0000-0000-000000000142', 'b1900000-0000-0000-0000-000000000011', 22, 'matching', '[Match to person: A=Professor Mat Upton B=Julie Hunter Julian Aguon and Pradeep Singh C=Dr Jon Copley D=Mike Johnston E=Verena Tunnicliffe] More is known about outer space than about what lies beneath the oceans.', 'B', 1),
('c1900000-0000-0000-0000-000000000143', 'b1900000-0000-0000-0000-000000000011', 23, 'matching', '[Match to person: A=Professor Mat Upton B=Julie Hunter Julian Aguon and Pradeep Singh C=Dr Jon Copley D=Mike Johnston E=Verena Tunnicliffe] There is one marine life habitat where experts agree mining should not take place.', 'C', 1),
-- PASSAGE 2: Q24-26 fill_blank
('c1900000-0000-0000-0000-000000000144', 'b1900000-0000-0000-0000-000000000011', 24, 'fill_blank', '[Complete the summary. Choose ONE WORD ONLY from the passage.] Mining corporations believe that these resources can be removed without producing much ___ (24).', 'waste', 1),
('c1900000-0000-0000-0000-000000000145', 'b1900000-0000-0000-0000-000000000011', 25, 'fill_blank', '[Complete the summary. Choose ONE WORD ONLY from the passage.] The extraction is often done by adapting the ___ (25) that has already been used to work on land.', 'machinery', 1),
('c1900000-0000-0000-0000-000000000146', 'b1900000-0000-0000-0000-000000000011', 26, 'fill_blank', '[Complete the summary. Choose ONE WORD ONLY from the passage.] However, concerned groups strongly believe that ___ (26) is necessary due to the possible number of unidentified consequences.', 'caution', 1),
-- PASSAGE 3: Q27-30 multiple_choice
('c1900000-0000-0000-0000-000000000147', 'b1900000-0000-0000-0000-000000000012', 27, 'multiple_choice', 'What is the writer doing in the first paragraph? A) setting out two opposing views about human nature B) justifying his opinion about our tendency to be greedy C) describing a commonly held belief about people''s behaviour D) explaining why he thinks that humans act in a selfish manner', 'C', 1),
('c1900000-0000-0000-0000-000000000148', 'b1900000-0000-0000-0000-000000000012', 28, 'multiple_choice', 'What point is made about Richard Dawkins'' book The Selfish Gene? A) Its appeal lay in the radical nature of its ideas. B) Its success was due to the scientific support it offered. C) It presented a view that was in line with the attitudes of its time. D) It took an innovative approach to the analysis of human psychology.', 'C', 1),
('c1900000-0000-0000-0000-000000000149', 'b1900000-0000-0000-0000-000000000012', 29, 'multiple_choice', 'What does the writer suggest about the prehistoric era in the fourth paragraph? A) Societies were more complex than many people believe. B) Supplies of natural resources were probably relatively plentiful. C) Most estimates about population sizes are likely to be inaccurate. D) Humans moved across continents more than was previously thought.', 'B', 1),
('c1900000-0000-0000-0000-000000000150', 'b1900000-0000-0000-0000-000000000012', 30, 'multiple_choice', 'The writer refers to Bruce Knauft''s work as support for the idea that: A) selfishness is a relatively recent development in human societies. B) only people in isolated communities can live in an unselfish manner. C) very few lifestyles have survived unchanged since prehistoric times. D) hunter-gatherer cultures worldwide are declining in number.', 'A', 1),
-- PASSAGE 3: Q31-35 fill_blank
('c1900000-0000-0000-0000-000000000151', 'b1900000-0000-0000-0000-000000000012', 31, 'fill_blank', '[Complete the summary. Choose ONE WORD ONLY from the passage.] Bruce Knauft''s research shows that contemporary hunter-gatherer societies tend to exhibit a high level of ___ (31) in all areas of life.', 'egalitarianism', 1),
('c1900000-0000-0000-0000-000000000152', 'b1900000-0000-0000-0000-000000000012', 32, 'fill_blank', '[Complete the summary. Choose ONE WORD ONLY from the passage.] These societies also employ strategies to prevent differences in ___ (32) occurring.', 'status', 1),
('c1900000-0000-0000-0000-000000000153', 'b1900000-0000-0000-0000-000000000012', 33, 'fill_blank', '[Complete the summary. Choose ONE WORD ONLY from the passage.] The !Kung follow a custom whereby the credit for one person''s success at ___ (33) is given to another member of the group.', 'hunting', 1),
('c1900000-0000-0000-0000-000000000154', 'b1900000-0000-0000-0000-000000000012', 34, 'fill_blank', '[Complete the summary. Choose ONE WORD ONLY from the passage.] Individuals who behave in a ___ (34) manner are punished by being excluded from the group.', 'domineering', 1),
('c1900000-0000-0000-0000-000000000155', 'b1900000-0000-0000-0000-000000000012', 35, 'fill_blank', '[Complete the summary. Choose ONE WORD ONLY from the passage.] Women have a considerable amount of ___ (35) in choices regarding work and marriage.', 'autonomy', 1),
-- PASSAGE 3: Q36-40 true_false YES/NO/NOT GIVEN
('c1900000-0000-0000-0000-000000000156', 'b1900000-0000-0000-0000-000000000012', 36, 'true_false', '[Write YES / NO / NOT GIVEN] Some anthropologists are mistaken about the point when the number of societies such as the !Kung began to decline.', 'NOT GIVEN', 1),
('c1900000-0000-0000-0000-000000000157', 'b1900000-0000-0000-0000-000000000012', 37, 'true_false', '[Write YES / NO / NOT GIVEN] Humans who developed warlike traits in prehistory would have had an advantage over those who did not.', 'NO', 1),
('c1900000-0000-0000-0000-000000000158', 'b1900000-0000-0000-0000-000000000012', 38, 'true_false', '[Write YES / NO / NOT GIVEN] Being peaceful and cooperative is a natural way for people to behave.', 'YES', 1),
('c1900000-0000-0000-0000-000000000159', 'b1900000-0000-0000-0000-000000000012', 39, 'true_false', '[Write YES / NO / NOT GIVEN] Negative traits are more apparent in some modern cultures than in others.', 'NOT GIVEN', 1),
('c1900000-0000-0000-0000-000000000160', 'b1900000-0000-0000-0000-000000000012', 40, 'true_false', '[Write YES / NO / NOT GIVEN] Animal research has failed to reveal a link between changes in the environment and the emergence of aggressive tendencies.', 'NO', 1);

-- ============================================================
-- Cambridge IELTS 18 Academic — Reading Test 1 (Test 6 on site)
-- ============================================================

INSERT INTO tests (id, title, type, book_number, test_number, difficulty) VALUES
  ('a1800000-0000-0000-0000-000000000001', 'Cambridge IELTS 18 — Reading Test 6', 'reading', 18, 6, 'medium');

INSERT INTO test_sections (id, test_id, section_number, title, instructions) VALUES
(
  'b1800000-0000-0000-0000-000000000001',
  'a1800000-0000-0000-0000-000000000001',
  1,
  'Urban farming',
  'PASSAGE 1: Urban farming\n\nYou should spend about 20 minutes on Questions 1-13.\n\nIn Paris, urban farmers are trying a soil-free approach to agriculture that uses less space and fewer resources. Could it help cities face the threats to our food supplies?\n\nOn top of a striking new exhibition hall in southern Paris, the world''s largest urban rooftop farm has started to bear fruit. Strawberries that are small, intensely flavoured and resplendently red sprout abundantly from large plastic tubes. Peer inside and you see the tubes are completely hollow, the roots of dozens of strawberry plants dangling down inside them. From identical vertical tubes nearby burst row upon row of lettuces; near those are aromatic herbs, such as basil, sage and peppermint. Opposite, in narrow, horizontal trays packed not with soil but with coconut fibre, grow cherry tomatoes, shiny aubergines and brightly coloured chards.\n\nPascal Hardy, an engineer and sustainable development consultant, began experimenting with vertical farming and aeroponic growing towers - as the soil-free plastic tubes are known - on his Paris apartment block roof five years ago. The urban rooftop space above the exhibition hall is somewhat bigger: 14,000 square metres and almost exactly the size of a couple of football pitches. Already, the team of young urban farmers who tend it have picked, in one day, 3,000 lettuces and 150 punnets of strawberries. When the remaining two thirds of the vast open area are in production, 20 staff will harvest up to 1,000 kg of perhaps 35 different varieties of fruit and vegetables, every day. We''re not ever, obviously, going to feed the whole city this way, cautions Hardy. In the urban environment you''re working with very significant practical constraints, clearly, on what you can do and where. But if enough unused space can be developed like this, there''s no reason why you shouldn''t eventually target maybe between 5% and 10% of consumption.\n\nPerhaps most significantly, however, this is a real-life showcase for the work of Hardy''s flourishing urban agriculture consultancy, Agripolis, which is currently fielding enquiries from around the world to design, build and equip a new breed of soil-free inner-city farm. The method''s advantages are many, he says. First, I don''t much like the fact that most of the fruit and vegetables we eat have been treated with something like 17 different pesticides, or that the intensive farming techniques that produced them are such huge generators of greenhouse gases. I don''t much like the fact, either, that they''ve travelled an average of 2,000 refrigerated kilometres to my plate, that their quality is so poor, because the varieties are selected for their capacity to withstand such substantial journeys, or that 80% of the price I pay goes to wholesalers and transport companies, not the producers.\n\nProduce grown using this soil-free method, on the other hand - which relies solely on a small quantity of water, enriched with organic nutrients, pumped around a closed circuit of pipes, towers and trays - is produced up here, and sold locally, just down there. It barely travels at all, Hardy says. You can select crop varieties for their flavour, not their resistance to the transport and storage chain, and you can pick them when they''re really at their best, and not before. No soil is exhausted, and the water that gently showers the plants'' roots every 12 minutes is recycled, so the method uses 90% less water than a classic intensive farm for the same yield.\n\nUrban farming is not, of course, a new phenomenon. Inner-city agriculture is booming from Shanghai to Detroit and Tokyo to Bangkok. Strawberries are being grown in disused shipping containers, mushrooms in underground carparks. Aeroponic farming, he says, is virtuous. The equipment weighs little, can be installed on almost any flat surface and is cheap to buy: roughly 100 to 150 euros per square metre. It is cheap to run, too, consuming a tiny fraction of the electricity used by some techniques.\n\nProduce grown this way typically sells at prices that, while generally higher than those of classic intensive agriculture, are lower than soil-based organic growers. There are limits to what farmers can grow this way, of course, and much of the produce is suited to the summer months. Root vegetables we cannot do, at least not yet, he says. Radishes are OK, but carrots, potatoes, that kind of thing - the roots are simply too long. Fruit trees are obviously not an option. And beans tend to take up a lot of space for not much return. Nevertheless, urban farming of the kind being practised in Paris is one part of a bigger and fast-changing picture that is bringing food production closer to our lives.'
),
(
  'b1800000-0000-0000-0000-000000000002',
  'a1800000-0000-0000-0000-000000000001',
  2,
  'Forest management in Pennsylvania, USA',
  'PASSAGE 2: Forest management in Pennsylvania, USA\n\nYou should spend about 20 minutes on Questions 14-26.\n\nHow managing low-quality wood (also known as low-use wood) for bioenergy can encourage sustainable forest management.\n\nA  A tree''s value depends on several factors including its species, size, form, condition, quality, function, and accessibility, and depends on the management goals for a given forest. The same tree can be valued very differently by each person who looks at it. A large, straight black cherry tree has high value as timber to be cut into logs or made into furniture, but for a landowner more interested in wildlife habitat, the real value of that stem may be the food it provides to animals. Likewise, if the tree suffers from black knot disease, its value for timber decreases, but to a woodworker interested in making bowls, it brings an opportunity for a unique and beautiful piece of art.\n\nB  In the past, Pennsylvania landowners were solely interested in the value of their trees as high-quality timber. The norm was to remove the stems of highest quality and leave behind poorly formed trees that were not as well suited to the site where they grew. This practice, called high-grading, has left a legacy of low-use wood in the forests. Some people even call these junk trees, and they are abundant in Pennsylvania. These trees have lower economic value for traditional timber markets, compete for growth with higher-value trees, shade out desirable regeneration and decrease the health of a stand leaving it more vulnerable to poor weather and disease. Management that specifically targets low-use wood can help landowners manage these forest health issues, and wood energy markets help promote this.\n\nC  Wood energy markets can accept less expensive wood material of lower quality than would be suitable for traditional timber markets. Most wood used for energy in Pennsylvania is used to produce heat or electricity through combustion. Many schools and hospitals use wood boiler systems to heat and power their facilities, many homes are primarily heated with wood, and some coal plants incorporate wood into their coal streams to produce electricity. Wood can also be gasified for electrical generation and can even be made into liquid fuels like ethanol and gasoline for lorries and cars. All these products are made primarily from low-use wood. Several tree- and plant-cutting approaches, which could greatly improve the long-term quality of a forest, focus strongly or solely on the use of wood for those markets.\n\nD  One such approach is called a Timber Stand Improvement (TSI) Cut. In a TSI Cut, really poor-quality tree and plant material is cut down to allow more space, light, and other resources to the highest-valued stems that remain. Removing invasive plants might be another primary goal of a TSI Cut. The stems that are left behind might then grow in size and develop more foliage and larger crowns or tops that produce more coverage for wildlife; they have a better chance to regenerate in a less crowded environment. TSI Cuts can be tailored to one farmer''s specific management goals for his or her land.\n\nE  Another approach that might yield a high amount of low-use wood is a Salvage Cut. With the many pests and pathogens visiting forests including hemlock wooly adelgid, Asian longhorned beetle, emerald ash borer, and gypsy moth, to name just a few, it is important to remember that those working in the forests can help ease these issues through cutting procedures. These types of cut reduce the number of sick trees and seek to manage the future spread of a pest problem. They leave vigorous trees that have stayed healthy enough to survive the outbreak.\n\nF  A Shelterwood Cut, which only takes place in a mature forest that has already been thinned several times, involves removing all the mature trees when other seedlings have become established. This then allows the forester to decide which tree species are regenerated. It leaves a young forest where all trees are at a similar point in their growth. It can also be used to develop a two-tier forest so that there are two harvests and the money that comes in is spread out over a decade or more.\n\nG  Thinnings and dense and dead wood removal for fire prevention also center on the production of low-use wood. However, it is important to remember that some retention of what many would classify as low-use wood is very important. The tops of trees that have been cut down should be left on the site so that their nutrients cycle back into the soil. In addition, trees with many cavities are extremely important habitats for insect predators like woodpeckers, bats and small mammals. They help control problem insects and increase the health and resilience of the forest. It is also important to remember that not all small trees are low-use. For example, many species like hawthorn provide food for wildlife. Finally, rare species of trees in a forest should also stay behind as they add to its structural diversity.'
),
(
  'b1800000-0000-0000-0000-000000000003',
  'a1800000-0000-0000-0000-000000000001',
  3,
  'Conquering Earth''s space junk problem',
  'PASSAGE 3: Conquering Earth''s space junk problem\n\nYou should spend about 20 minutes on Questions 27-40.\n\nSatellites, rocket shards and collision debris are creating major traffic risks in orbit around the planet. Researchers are working to reduce these threats.\n\nA  Last year, commercial companies, military and civil departments and amateurs sent more than 400 satellites into orbit, over four times the yearly average in the previous decade. Numbers could rise even more sharply if leading space companies follow through on plans to deploy hundreds to thousands of large constellations of satellites to space in the next few years.\n\nAll that traffic can lead to disaster. Ten years ago, a US commercial Iridium satellite smashed into an inactive Russian communications satellite called Cosmos-2251, creating thousands of new pieces of space shrapnel that now threaten other satellites in low Earth orbit - the zone stretching up to 2,000 kilometres in altitude. Altogether, there are roughly 20,000 human-made objects in orbit, from working satellites to small rocket pieces. And satellite operators can''t steer away from every potential crash, because each move consumes time and fuel that could otherwise be used for the spacecraft''s main job.\n\nB  Concern about space junk goes back to the beginning of the satellite era, but the number of objects in orbit is rising so rapidly that researchers are investigating new ways of attacking the problem. Several teams are trying to improve methods for assessing what is in orbit, so that satellite operators can work more efficiently in ever-more-crowded space. Some researchers are now starting to compile a massive data set that includes the best possible information on where everything is in orbit. Others are developing taxonomies of space debris - working on measuring properties such as the shape and size of an object, so that satellite operators know how much to worry about what''s coming their way.\n\nThe alternative, many say, is unthinkable. Just a few uncontrolled space crashes could generate enough debris to set off a runaway cascade of fragments, rendering near-Earth space unusable. If we go on like this, we will reach a point of no return, says Carolin Frueh, an astrodynamical researcher at Purdue University in West Lafayette, Indiana.\n\nC  Even as our ability to monitor space objects increases, so too does the total number of items in orbit. That means companies, governments and other players in space are collaborating in new ways to avoid a shared threat. International groups such as the Inter-Agency Space Debris Coordination Committee have developed guidelines on space sustainability. Those include inactivating satellites at the end of their useful life by venting pressurised materials or leftover fuel that might lead to explosions. The intergovernmental groups also advise lowering satellites deep enough into the atmosphere that they will burn up or disintegrate within 25 years. But so far, only about half of all missions have abided by this 25-year goal, says Holger Krag, head of the European Space Agency''s space-debris office in Darmstadt, Germany. Operators of the planned large constellations of satellites say they will be responsible stewards in their enterprises in space, but Krag worries that problems could increase, despite their best intentions. What happens to those that fail or go bankrupt? he asks. They are probably not going to spend money to remove their satellites from space.\n\nD  In theory, given the vastness of space, satellite operators should have plenty of room for all these missions to fly safely without ever nearing another object. So some scientists are tackling the problem of space junk by trying to find out where all the debris is to a high degree of precision. That would alleviate the need for many of the unnecessary manoeuvres that are carried out to avoid potential collisions. If you knew precisely where everything was, you would almost never have a problem, says Marlon Sorge, a space-debris specialist at the Aerospace Corporation in El Segundo, California.\n\nE  The field is called space traffic management, because it''s similar to managing traffic on the roads or in the air. Think about a busy day at an airport, says Moriba Jah, an astrodynamicist at the University of Texas at Austin: planes line up in the sky, landing and taking off close to one another in a carefully choreographed routine. Air-traffic controllers know the location of the planes down to one metre in accuracy. The same can''t be said for space debris. Not all objects in orbit are known, and even those included in databases are not tracked consistently.\n\nF  An additional problem is that there is no authoritative catalogue that accurately lists the orbits of all known space debris. Jah illustrates this with a web-based database that he has developed. It draws on several sources, such as catalogues maintained by the US and Russian governments, to visualise where objects are in space. When he types in an identifier for a particular space object, the database draws a purple line to designate its orbit. Only this doesn''t quite work for a number of objects, such as a Russian rocket body designated in the database as object number 32280. When Jah enters that number, the database draws two purple lines: the US and Russian sources contain two completely different orbits for the same object. Jah says that it is almost impossible to tell which is correct, unless a third source of information made it possible to cross-correlate.\n\nJah describes himself as a space environmentalist: I want to make space a place that is safe to operate, that is free and useful for generations to come. Until that happens, he argues, the space community will continue devolving into a tragedy in which all spaceflight operators are polluting a common resource.'
);

INSERT INTO questions (id, section_id, question_number, question_type, question_text, correct_answer, points) VALUES
-- PASSAGE 1: Q1-3 fill_blank (sentence completion - up to TWO WORDS)
('c1800000-0000-0000-0000-000000000001', 'b1800000-0000-0000-0000-000000000001', 1, 'fill_blank', '[Complete the sentences. Choose NO MORE THAN TWO WORDS from the passage.] Vertical tubes are used to grow strawberries, ___ (1) and herbs.', 'lettuces', 1),
('c1800000-0000-0000-0000-000000000002', 'b1800000-0000-0000-0000-000000000001', 2, 'fill_blank', '[Complete the sentences. Choose NO MORE THAN TWO WORDS from the passage.] There will eventually be a daily harvest of as much as ___ (2) in weight of fruit and vegetables.', '1,000 kg', 1),
('c1800000-0000-0000-0000-000000000003', 'b1800000-0000-0000-0000-000000000001', 3, 'fill_blank', '[Complete the sentences. Choose NO MORE THAN TWO WORDS from the passage.] It may be possible that the farm''s produce will account for as much as 10% of the city''s ___ (3) overall.', 'consumption', 1),
-- PASSAGE 1: Q4-7 fill_blank (table completion)
('c1800000-0000-0000-0000-000000000004', 'b1800000-0000-0000-0000-000000000001', 4, 'fill_blank', '[Complete the table. Choose ONE WORD ONLY from the passage.] Intensive farming: wide range of ___ (4) varieties used.', 'pesticides', 1),
('c1800000-0000-0000-0000-000000000005', 'b1800000-0000-0000-0000-000000000001', 5, 'fill_blank', '[Complete the table. Choose ONE WORD ONLY from the passage.] Intensive farming: varieties of fruit and vegetables chosen that can survive long ___ (5).', 'journeys', 1),
('c1800000-0000-0000-0000-000000000006', 'b1800000-0000-0000-0000-000000000001', 6, 'fill_blank', '[Complete the table. Choose ONE WORD ONLY from the passage.] Intensive farming: ___ (6) receive very little of overall income.', 'producers', 1),
('c1800000-0000-0000-0000-000000000007', 'b1800000-0000-0000-0000-000000000001', 7, 'fill_blank', '[Complete the table. Choose ONE WORD ONLY from the passage.] Aeroponic farming: produce chosen because of its ___ (7).', 'flavour', 1),
-- PASSAGE 1: Q8-13 true_false
('c1800000-0000-0000-0000-000000000008', 'b1800000-0000-0000-0000-000000000001', 8, 'true_false', '[Write TRUE / FALSE / NOT GIVEN] Urban farming can take place above or below ground.', 'TRUE', 1),
('c1800000-0000-0000-0000-000000000009', 'b1800000-0000-0000-0000-000000000001', 9, 'true_false', '[Write TRUE / FALSE / NOT GIVEN] Some of the equipment used in aeroponic farming can be made by hand.', 'NOT GIVEN', 1),
('c1800000-0000-0000-0000-000000000010', 'b1800000-0000-0000-0000-000000000001', 10, 'true_false', '[Write TRUE / FALSE / NOT GIVEN] Urban farming relies more on electricity than some other types of farming.', 'FALSE', 1),
('c1800000-0000-0000-0000-000000000011', 'b1800000-0000-0000-0000-000000000001', 11, 'true_false', '[Write TRUE / FALSE / NOT GIVEN] Fruit and vegetables grown on an aeroponic urban farm are cheaper than traditionally grown organic produce.', 'TRUE', 1),
('c1800000-0000-0000-0000-000000000012', 'b1800000-0000-0000-0000-000000000001', 12, 'true_false', '[Write TRUE / FALSE / NOT GIVEN] Most produce can be grown on an aeroponic urban farm at any time of the year.', 'FALSE', 1),
('c1800000-0000-0000-0000-000000000013', 'b1800000-0000-0000-0000-000000000001', 13, 'true_false', '[Write TRUE / FALSE / NOT GIVEN] Beans take longer to grow on an urban farm than other vegetables.', 'NOT GIVEN', 1),
-- PASSAGE 2: Q14-18 matching paragraphs A-G
('c1800000-0000-0000-0000-000000000014', 'b1800000-0000-0000-0000-000000000002', 14, 'matching', '[Match to paragraph: A=Tree value factors B=High-grading legacy C=Wood energy markets D=TSI Cut E=Salvage Cut F=Shelterwood Cut G=Fire prevention and retention] bad outcomes for a forest when people focus only on its financial reward', 'B', 1),
('c1800000-0000-0000-0000-000000000015', 'b1800000-0000-0000-0000-000000000002', 15, 'matching', '[Match to paragraph: A=Tree value factors B=High-grading legacy C=Wood energy markets D=TSI Cut E=Salvage Cut F=Shelterwood Cut G=Fire prevention and retention] reference to the aspects of any tree that contribute to its worth', 'A', 1),
('c1800000-0000-0000-0000-000000000016', 'b1800000-0000-0000-0000-000000000002', 16, 'matching', '[Match to paragraph: A=Tree value factors B=High-grading legacy C=Wood energy markets D=TSI Cut E=Salvage Cut F=Shelterwood Cut G=Fire prevention and retention] mention of the potential use of wood to help run vehicles', 'C', 1),
('c1800000-0000-0000-0000-000000000017', 'b1800000-0000-0000-0000-000000000002', 17, 'matching', '[Match to paragraph: A=Tree value factors B=High-grading legacy C=Wood energy markets D=TSI Cut E=Salvage Cut F=Shelterwood Cut G=Fire prevention and retention] examples of insects that attack trees', 'E', 1),
('c1800000-0000-0000-0000-000000000018', 'b1800000-0000-0000-0000-000000000002', 18, 'matching', '[Match to paragraph: A=Tree value factors B=High-grading legacy C=Wood energy markets D=TSI Cut E=Salvage Cut F=Shelterwood Cut G=Fire prevention and retention] an alternative name for trees that produce low-use wood', 'B', 1),
-- PASSAGE 2: Q19-21 matching timber cuts A-C
('c1800000-0000-0000-0000-000000000019', 'b1800000-0000-0000-0000-000000000002', 19, 'matching', '[Match to timber cut: A=TSI Cut B=Salvage Cut C=Shelterwood Cut] to remove trees that are diseased', 'B', 1),
('c1800000-0000-0000-0000-000000000020', 'b1800000-0000-0000-0000-000000000002', 20, 'matching', '[Match to timber cut: A=TSI Cut B=Salvage Cut C=Shelterwood Cut] to generate income across a number of years', 'C', 1),
('c1800000-0000-0000-0000-000000000021', 'b1800000-0000-0000-0000-000000000002', 21, 'matching', '[Match to timber cut: A=TSI Cut B=Salvage Cut C=Shelterwood Cut] to create a forest whose trees are close in age', 'C', 1),
-- PASSAGE 2: Q22-26 fill_blank
('c1800000-0000-0000-0000-000000000022', 'b1800000-0000-0000-0000-000000000002', 22, 'fill_blank', '[Complete the sentences. Choose ONE WORD ONLY from the passage.] Some dead wood is removed to avoid the possibility of ___ (22).', 'fire', 1),
('c1800000-0000-0000-0000-000000000023', 'b1800000-0000-0000-0000-000000000002', 23, 'fill_blank', '[Complete the sentences. Choose ONE WORD ONLY from the passage.] The ___ (23) from the tops of cut trees can help improve soil quality.', 'nutrients', 1),
('c1800000-0000-0000-0000-000000000024', 'b1800000-0000-0000-0000-000000000002', 24, 'fill_blank', '[Complete the sentences. Choose ONE WORD ONLY from the passage.] Some damaged trees should be left, as their ___ (24) provide habitats for a range of creatures.', 'cavities', 1),
('c1800000-0000-0000-0000-000000000025', 'b1800000-0000-0000-0000-000000000002', 25, 'fill_blank', '[Complete the sentences. Choose ONE WORD ONLY from the passage.] Some trees that are small, such as ___ (25), are a source of food for animals and insects.', 'hawthorn', 1),
('c1800000-0000-0000-0000-000000000026', 'b1800000-0000-0000-0000-000000000002', 26, 'fill_blank', '[Complete the sentences. Choose ONE WORD ONLY from the passage.] Any trees that are ___ (26) should be left to grow, as they add to the variety of species in the forest.', 'rare', 1),
-- PASSAGE 3: Q27-31 matching sections A-F
('c1800000-0000-0000-0000-000000000027', 'b1800000-0000-0000-0000-000000000003', 27, 'matching', '[Match to section: A=Satellite traffic increasing B=New research approaches C=International cooperation D=Precision tracking solution E=Space traffic management F=Incomplete catalogues] a reference to the cooperation that takes place to try and minimise risk', 'C', 1),
('c1800000-0000-0000-0000-000000000028', 'b1800000-0000-0000-0000-000000000003', 28, 'matching', '[Match to section: A=Satellite traffic increasing B=New research approaches C=International cooperation D=Precision tracking solution E=Space traffic management F=Incomplete catalogues] an explanation of a person''s aims', 'F', 1),
('c1800000-0000-0000-0000-000000000029', 'b1800000-0000-0000-0000-000000000003', 29, 'matching', '[Match to section: A=Satellite traffic increasing B=New research approaches C=International cooperation D=Precision tracking solution E=Space traffic management F=Incomplete catalogues] a description of a major collision that occurred in space', 'A', 1),
('c1800000-0000-0000-0000-000000000030', 'b1800000-0000-0000-0000-000000000003', 30, 'matching', '[Match to section: A=Satellite traffic increasing B=New research approaches C=International cooperation D=Precision tracking solution E=Space traffic management F=Incomplete catalogues] a comparison between tracking objects in space and the efficiency of a transportation system', 'E', 1),
('c1800000-0000-0000-0000-000000000031', 'b1800000-0000-0000-0000-000000000003', 31, 'matching', '[Match to section: A=Satellite traffic increasing B=New research approaches C=International cooperation D=Precision tracking solution E=Space traffic management F=Incomplete catalogues] a reference to efforts to classify space junk', 'B', 1),
-- PASSAGE 3: Q32-35 fill_blank
('c1800000-0000-0000-0000-000000000032', 'b1800000-0000-0000-0000-000000000003', 32, 'fill_blank', '[Complete the summary. Choose ONE WORD ONLY from the passage.] The committee gives advice on how the ___ (32) of space can be achieved.', 'sustainability', 1),
('c1800000-0000-0000-0000-000000000033', 'b1800000-0000-0000-0000-000000000003', 33, 'fill_blank', '[Complete the summary. Choose ONE WORD ONLY from the passage.] The committee advises that when satellites are no longer active, any unused ___ (33) or pressurised material that could cause explosions should be removed.', 'fuel', 1),
('c1800000-0000-0000-0000-000000000034', 'b1800000-0000-0000-0000-000000000003', 34, 'fill_blank', '[Complete the summary. Choose ONE WORD ONLY from the passage.] Any unused fuel or pressurised material that could cause ___ (34) should be removed.', 'explosions', 1),
('c1800000-0000-0000-0000-000000000035', 'b1800000-0000-0000-0000-000000000003', 35, 'fill_blank', '[Complete the summary. Choose ONE WORD ONLY from the passage.] Holger Krag points out that the operators that become ___ (35) are unlikely to prioritise removing their satellites from space.', 'bankrupt', 1),
-- PASSAGE 3: Q36-40 matching people A-D
('c1800000-0000-0000-0000-000000000036', 'b1800000-0000-0000-0000-000000000003', 36, 'matching', '[Match to person: A=Carolin Frueh B=Holger Krag C=Marlon Sorge D=Moriba Jah] Knowing the exact location of space junk would help prevent any possible danger.', 'C', 1),
('c1800000-0000-0000-0000-000000000037', 'b1800000-0000-0000-0000-000000000003', 37, 'matching', '[Match to person: A=Carolin Frueh B=Holger Krag C=Marlon Sorge D=Moriba Jah] Space should be available to everyone and should be preserved for the future.', 'D', 1),
('c1800000-0000-0000-0000-000000000038', 'b1800000-0000-0000-0000-000000000003', 38, 'matching', '[Match to person: A=Carolin Frueh B=Holger Krag C=Marlon Sorge D=Moriba Jah] A recommendation regarding satellites is widely ignored.', 'B', 1),
('c1800000-0000-0000-0000-000000000039', 'b1800000-0000-0000-0000-000000000003', 39, 'matching', '[Match to person: A=Carolin Frueh B=Holger Krag C=Marlon Sorge D=Moriba Jah] There is conflicting information about where some satellites are in space.', 'D', 1),
('c1800000-0000-0000-0000-000000000040', 'b1800000-0000-0000-0000-000000000003', 40, 'matching', '[Match to person: A=Carolin Frueh B=Holger Krag C=Marlon Sorge D=Moriba Jah] There is a risk we will not be able to undo the damage that occurs in space.', 'A', 1);

-- ============================================================
-- Cambridge IELTS 18 Academic — Reading Test 2 (Test 7 on site)
-- ============================================================

INSERT INTO tests (id, title, type, book_number, test_number, difficulty) VALUES
  ('a1800000-0000-0000-0000-000000000002', 'Cambridge IELTS 18 — Reading Test 7', 'reading', 18, 7, 'medium');

INSERT INTO test_sections (id, test_id, section_number, title, instructions) VALUES
(
  'b1800000-0000-0000-0000-000000000004',
  'a1800000-0000-0000-0000-000000000002',
  1,
  'Stonehenge',
  'PASSAGE 1: Stonehenge\n\nYou should spend about 20 minutes on Questions 1-13.\n\nFor centuries, historians and archaeologists have puzzled over the many mysteries of Stonehenge, a prehistoric monument that took an estimated 1,500 years to erect. Located on Salisbury Plain in southern England, it is comprised of roughly 100 massive upright stones placed in a circular layout.\n\nArchaeologists believe England''s most iconic prehistoric ruin was built in several stages, with the earliest constructed 5,000 or more years ago. First, Neolithic Britons used primitive tools, which may have been fashioned out of deer antlers, to dig a massive circular ditch and bank, or henge. Deep pits dating back to that era and located within the circle may have once held a ring of timber posts, according to some scholars.\n\nSeveral hundred years later, it is thought, Stonehenge''s builders hoisted an estimated 80 bluestones, 43 of which remain today, into standing positions and placed them in either a horseshoe or circular formation. These stones have been traced all the way to the Preseli Hills in Wales, some 300 kilometres from Stonehenge. How, then, did prehistoric builders without sophisticated tools or engineering haul these boulders, which weigh up to four tons, over such a great distance?\n\nAccording to one long-standing theory among archaeologists, Stonehenge''s builders fashioned sledges and rollers out of tree trunks to lug the bluestones from the Preseli Hills. They then transferred the boulders onto rafts and floated them first along the Welsh coast and then up the River Avon toward Salisbury Plain; alternatively, they may have towed each stone with a fleet of vessels. More recent archaeological hypotheses have them transporting the bluestones with supersized wicker baskets on a combination of ball bearings and long grooved planks, hauled by oxen.\n\nAs early as the 1970s, geologists have been adding their voices to the debate over how Stonehenge came into being. Challenging the classic image of industrious builders pushing, carting, rolling or hauling giant stones from faraway Wales, some scientists have suggested that it was glaciers, not humans, that carried the bluestones to Salisbury Plain. Most archaeologists have remained sceptical about this theory, however, wondering how the forces of nature could possibly have delivered the exact number of stones needed to complete the circle.\n\nThe third phase of construction took place around 2000 BCE. At this point, sandstone slabs - known as sarsens - were arranged into an outer crescent or ring; some were assembled into the iconic three-pieced structures called trilithons that stand tall in the centre of Stonehenge. Some 50 of these stones are now visible on the site, which may once have contained many more. Radiocarbon dating has revealed that work continued at Stonehenge until roughly 1600 BCE, with the bluestones in particular being repositioned multiple times.\n\nBut who were the builders of Stonehenge? In the 17th century, archaeologist John Aubrey made the claim that Stonehenge was the work of druids, who had important religious, judicial and political roles in Celtic society. This theory was widely popularized by the antiquarian William Stukeley, who had unearthed primitive graves at the site. Even today, people who identify as modern druids continue to gather at Stonehenge for the summer solstice. However, in the mid-20th century, radiocarbon dating demonstrated that Stonehenge stood more than 1,000 years before the Celts inhabited the region.\n\nMany modern historians and archaeologists now agree that several distinct tribes of people contributed to Stonehenge, each undertaking a different phase of its construction. Bones, tools and other artefacts found on the site seem to support this hypothesis. The first stage was achieved by Neolithic agrarians who were likely to have been indigenous to the British Isles. Later, it is believed, groups with advanced tools and a more communal way of life left their mark on the site.\n\nIf the facts surrounding the architects and construction of Stonehenge remain shadowy at best, the purpose of the striking monument is even more of a mystery. While there is consensus among the majority of modern scholars that Stonehenge once served the function of burial ground, they have yet to determine what other purposes it had.\n\nIn the 1960s, the astronomer Gerald Hawkins suggested that the cluster of megalithic stones operated as a form of calendar, with different points corresponding to astrological phenomena such as solstices, equinoxes and eclipses occurring at different times of the year. While his theory has received a considerable amount of attention over the decades, critics maintain that Stonehenge''s builders probably lacked the knowledge necessary to predict such events or that England''s dense cloud cover would have obscured their view of the skies.\n\nMore recently, signs of illness and injury in the human remains unearthed at Stonehenge led a group of British archaeologists to speculate that it was considered a place of healing, perhaps because bluestones were thought to have curative powers.'
),
(
  'b1800000-0000-0000-0000-000000000005',
  'a1800000-0000-0000-0000-000000000002',
  2,
  'Living with artificial intelligence',
  'PASSAGE 2: Living with artificial intelligence\n\nYou should spend about 20 minutes on Questions 14-26.\n\nPowerful artificial intelligence (AI) needs to be reliably aligned with human values, but does this mean AI will eventually have to police those values?\n\nThis has been the decade of AI, with one astonishing feat after another. A chess-playing AI that can defeat not only all human chess players, but also all previous human-programmed chess machines, after learning the game in just four hours? True, these prodigious accomplishments are all in so-called narrow AI, where machines perform highly specialised tasks. But many experts believe this restriction is very temporary. By mid-century, we may have artificial general intelligence (AGI) - machines that can achieve human-level performance on the full range of tasks that we ourselves can tackle.\n\nIf so, there''s little reason to think it will stop there. Machines will be free of many of the physical constraints on human intelligence. Our brains run at slow biochemical processing speeds on the power of a light bulb, and their size is restricted by the dimensions of the human birth canal. It is remarkable what they accomplish, given these handicaps. But they may be as far from the physical limits of thought as our eyes are from the incredibly powerful Webb Space Telescope.\n\nOnce machines are better than us at designing even smarter machines, progress towards these limits could accelerate. What would this mean for us? Could we ensure a safe and worthwhile coexistence with such machines? On the plus side, AI is already useful and profitable for many things, and super AI might be expected to be super useful, and super profitable. But the more powerful AI becomes, the more important it will be to specify its goals with great care. Folklore is full of tales of people who ask for the wrong thing, with disastrous consequences - King Midas, for example, might have wished that everything he touched turned to gold, but didn''t really intend this to apply to his breakfast.\n\nSo we need to create powerful AI machines that are human-friendly - that have goals reliably aligned with our own values. One thing that makes this task difficult is that we are far from reliably human-friendly ourselves. We do many terrible things to each other and to many other creatures with whom we share the planet. If superintelligent machines don''t do a lot better than us, we''ll be in deep trouble. We''ll have powerful new intelligence amplifying the dark sides of our own fallible natures.\n\nFor safety''s sake, then, we want the machines to be ethically as well as cognitively superhuman. We want them to aim for the moral high ground, not for the troughs in which many of us spend some of our time. Luckily they''ll be smart enough for the job. If there are routes to the moral high ground, they''ll be better than us at finding them, and steering us in the right direction.\n\nHowever, there are two big problems with this utopian vision. One is how we get the machines started on the journey, the other is what it would mean to reach this destination. The getting started problem is that we need to tell the machines what they''re looking for with sufficient clarity that we can be confident they will find it. This won''t be easy, given that we are tribal creatures and conflicted about the ideals ourselves.\n\nAs for the destination problem, we might, by putting ourselves in the hands of these moral guides and gatekeepers, be sacrificing our own autonomy - an important part of what makes us human. Machines who are better than us at sticking to the moral high ground may be expected to discourage some of the lapses we presently take for granted. We might lose our freedom to discriminate in favour of our own communities, for example.\n\nLoss of freedom to behave badly isn''t always a bad thing, of course: denying ourselves the freedom to put children to work in factories, or to smoke in restaurants are signs of progress. But are we ready for ethical silicon police limiting our options? They might be so good at doing it that we won''t notice them; but few of us are likely to welcome such a future.\n\nThese issues might seem far-fetched, but they are to some extent already here. AI already has some input into how resources are used in our National Health Service (NHS) here in the UK, for example. If it was given a greater role, it might do so much more efficiently than humans can manage, and act in the interests of taxpayers and those who use the health system. However, we''d be depriving some humans of the control they presently enjoy. Since we''d want to ensure that people are treated equally and that policies are fair, the goals of AI would need to be specified correctly.\n\nWe have a new powerful technology to deal with - itself, literally, a new way of thinking. For our own safety, we need to point these new thinkers in the right direction, and get them to act well for us. It is not yet clear whether this is possible, but if it is, it will require a cooperative spirit, and a willingness to set aside self-interest.'
),
(
  'b1800000-0000-0000-0000-000000000006',
  'a1800000-0000-0000-0000-000000000002',
  3,
  'An ideal city',
  'PASSAGE 3: An ideal city\n\nYou should spend about 20 minutes on Questions 27-40.\n\nLeonardo da Vinci''s ideal city was centuries ahead of its time.\n\nThe word genius is universally associated with the name of Leonardo da Vinci. A true Renaissance man, he embodied scientific spirit, artistic talent and humanist sensibilities. Five hundred years have passed since Leonardo died in his home at Chateau du Clos Luce, outside Tours, France. Yet far from fading into insignificance, his thinking has carried down the centuries and still surprises today.\n\nThe Renaissance marked the transition from the 15th century to modernity and took place after the spread of the plague in the 14th century, which caused a global crisis resulting in some 200 million deaths across Europe and Asia. Today, the world is on the cusp of a climate crisis, which is predicted to cause widespread displacement, extinctions and death, if left unaddressed. Then, as now, radical solutions were called for to revolutionise the way people lived and safeguard humanity against catastrophe.\n\nAround 1486 - after a pestilence that killed half the population in Milan, Italy - Leonardo turned his thoughts to urban planning problems. Following a typical Renaissance trend, he began to work on an ideal city project, which - due to its excessive costs - would remain unfulfilled. Yet given that unsustainable urban models are a key cause of global climate change today, it''s only natural to wonder how Leonardo might have changed the shape of modern cities.\n\nAlthough the Renaissance is renowned as an era of incredible progress in art and architecture, it is rarely noted that the 15th century also marked the birth of urbanism as a true academic discipline. The rigour and method behind the conscious conception of a city had been largely missing in Western thought until the moment when prominent Renaissance men pushed forward large-scale urban projects in Italy, such as the reconfiguration of the town of Pienza and the expansion of the city of Ferrara. These works surely inspired Leonardo''s decision to rethink the design of medieval cities, with their winding and overcrowded streets and with houses piled against one another.\n\nIt is not easy to identify a coordinated vision of Leonardo''s ideal city because of his disordered way of working with notes and sketches. But from the largest collection of Leonardo''s papers ever assembled, a series of innovative thoughts can be reconstructed regarding the foundation of a new city along the Ticino River, which runs from Switzerland into Italy and is 248 kilometres long. He designed the city for the easy transport of goods and clean urban spaces, and he wanted a comfortable and spacious city, with well-ordered streets and architecture. He recommended high, strong walls, with towers and battlements of all necessary and pleasant beauty.\n\nHis plans for a modern and rational city were consistent with Renaissance ideals. But, in keeping with his personality, Leonardo included several innovations in his urban design. Leonardo wanted the city to be built on several levels, linked with vertical outdoor staircases. This design can be seen in some of today''s high-rise buildings but was unconventional at the time. Indeed, this idea of taking full advantage of the interior spaces wasn''t implemented until the 1920s and 1930s, with the birth of the Modernist movement.\n\nWhile in the upper layers of the city, people could walk undisturbed between elegant palaces and streets, the lower layer was the place for services, trade, transport and industry. But the true originality of Leonardo''s vision was its fusion of architecture and engineering. Leonardo designed extensive hydraulic plants to create artificial canals throughout the city. The canals, regulated by clocks and basins, were supposed to make it easier for boats to navigate inland. Leonardo also thought that the width of the streets ought to match the average height of the adjacent houses: a rule still followed in many contemporary cities across Italy, to allow access to sun and reduce the risk of damage from earthquakes.\n\nAlthough some of these features existed in Roman cities, before Leonardo''s drawings there had never been a multi-level, compact modern city which was thoroughly technically conceived. Indeed, it wasn''t until the 19th century that some of his ideas were applied. For example, the subdivision of the city by function - with services and infrastructures located in the lower levels and wide and well-ventilated boulevards and walkways above for residents - is an idea that can be found in Georges-Eugene Haussmann''s renovation of Paris under Emperor Napoleon III between 1853 and 1870.\n\nToday, Leonardo''s ideas are not simply valid, they actually suggest a way forward for urban planning. Many scholars think that the compact city, built upwards instead of outwards, integrated with nature, with efficient transport infrastructure, could help modern cities become more efficient and sustainable. This is yet another reason why Leonardo was aligned so closely with modern urban planning and centuries ahead of his time.'
);

INSERT INTO questions (id, section_id, question_number, question_type, question_text, correct_answer, points) VALUES
('c1800000-0000-0000-0000-000000000041', 'b1800000-0000-0000-0000-000000000004', 1, 'fill_blank', '[Complete the notes. Choose NO MORE THAN TWO WORDS from the passage.] The ditch and henge were dug, possibly using tools made from ___ (1).', 'deer antlers', 1),
('c1800000-0000-0000-0000-000000000042', 'b1800000-0000-0000-0000-000000000004', 2, 'fill_blank', '[Complete the notes. Choose NO MORE THAN TWO WORDS from the passage.] ___ (2) may have been arranged in deep pits inside the circle.', 'timber posts', 1),
('c1800000-0000-0000-0000-000000000043', 'b1800000-0000-0000-0000-000000000004', 3, 'fill_blank', '[Complete the notes. Choose NO MORE THAN TWO WORDS from the passage.] Builders used ___ (3) to make sledges and rollers.', 'tree trunks', 1),
('c1800000-0000-0000-0000-000000000044', 'b1800000-0000-0000-0000-000000000004', 4, 'fill_blank', '[Complete the notes. Choose NO MORE THAN TWO WORDS from the passage.] ___ (4) pulled them on giant baskets.', 'oxen', 1),
('c1800000-0000-0000-0000-000000000045', 'b1800000-0000-0000-0000-000000000004', 5, 'fill_blank', '[Complete the notes. Choose NO MORE THAN TWO WORDS from the passage.] They were brought from Wales by ___ (5).', 'glaciers', 1),
('c1800000-0000-0000-0000-000000000046', 'b1800000-0000-0000-0000-000000000004', 6, 'fill_blank', '[Complete the notes. Choose NO MORE THAN TWO WORDS from the passage.] A theory arose in the 17th century that its builders were Celtic ___ (6).', 'druids', 1),
('c1800000-0000-0000-0000-000000000047', 'b1800000-0000-0000-0000-000000000004', 7, 'fill_blank', '[Complete the notes. Choose NO MORE THAN TWO WORDS from the passage.] Many experts agree it has been used as a ___ (7) site.', 'burial', 1),
('c1800000-0000-0000-0000-000000000048', 'b1800000-0000-0000-0000-000000000004', 8, 'fill_blank', '[Complete the notes. Choose NO MORE THAN TWO WORDS from the passage.] In the 1960s, it was suggested that it worked as a kind of ___ (8).', 'calendar', 1),
('c1800000-0000-0000-0000-000000000049', 'b1800000-0000-0000-0000-000000000004', 9, 'true_false', '[Write TRUE / FALSE / NOT GIVEN] During the third phase of construction, sandstone slabs were placed in both the outer areas and the middle of the Stonehenge site.', 'TRUE', 1),
('c1800000-0000-0000-0000-000000000050', 'b1800000-0000-0000-0000-000000000004', 10, 'true_false', '[Write TRUE / FALSE / NOT GIVEN] There is scientific proof that the bluestones stood in the same spot until approximately 1600 BCE.', 'FALSE', 1),
('c1800000-0000-0000-0000-000000000051', 'b1800000-0000-0000-0000-000000000004', 11, 'true_false', '[Write TRUE / FALSE / NOT GIVEN] John Aubrey''s claim about Stonehenge was supported by 20th-century findings.', 'FALSE', 1),
('c1800000-0000-0000-0000-000000000052', 'b1800000-0000-0000-0000-000000000004', 12, 'true_false', '[Write TRUE / FALSE / NOT GIVEN] Objects discovered at Stonehenge seem to indicate that it was constructed by a number of different groups of people.', 'TRUE', 1),
('c1800000-0000-0000-0000-000000000053', 'b1800000-0000-0000-0000-000000000004', 13, 'true_false', '[Write TRUE / FALSE / NOT GIVEN] Criticism of Gerald Hawkins'' theory about Stonehenge has come mainly from other astronomers.', 'NOT GIVEN', 1),
('c1800000-0000-0000-0000-000000000054', 'b1800000-0000-0000-0000-000000000005', 14, 'multiple_choice', 'What point does the writer make about AI in the first paragraph? A) It is difficult to predict how quickly AI will progress. B) Much can be learned about the use of AI in chess machines. C) The future is unlikely to see limitations on the capabilities of AI. D) Experts disagree on which specialised tasks AI will be able to perform.', 'C', 1),
('c1800000-0000-0000-0000-000000000055', 'b1800000-0000-0000-0000-000000000005', 15, 'multiple_choice', 'What is the writer doing in the second paragraph? A) explaining why machines will be able to outperform humans B) describing the characteristics that humans and machines share C) giving information about the development of machine intelligence D) indicating which aspects of humans are the most advanced', 'A', 1),
('c1800000-0000-0000-0000-000000000056', 'b1800000-0000-0000-0000-000000000005', 16, 'multiple_choice', 'Why does the writer mention the story of King Midas? A) to compare different visions of progress B) to illustrate that poorly defined objectives can go wrong C) to emphasise the need for cooperation D) to point out the financial advantages of a course of action', 'B', 1),
('c1800000-0000-0000-0000-000000000057', 'b1800000-0000-0000-0000-000000000005', 17, 'multiple_choice', 'What challenge does the writer refer to in the fourth paragraph? A) encouraging humans to behave in a more principled way B) deciding which values we want AI to share with us C) creating a better world for all creatures on the planet D) ensuring AI is more human-friendly than we are ourselves', 'D', 1),
('c1800000-0000-0000-0000-000000000058', 'b1800000-0000-0000-0000-000000000005', 18, 'multiple_choice', 'What does the writer suggest about the future of AI in the fifth paragraph? A) The safety of machines will become a key issue. B) It is hard to know what impact machines will have on the world. C) Machines will be superior to humans in certain respects. D) Many humans will oppose machines having a wider role.', 'C', 1),
('c1800000-0000-0000-0000-000000000059', 'b1800000-0000-0000-0000-000000000005', 19, 'multiple_choice', 'Which of the following best summarises the writer''s argument in the sixth paragraph? A) More intelligent machines will result in greater abuses of power. B) Machine learning will share very few features with human learning. C) There are a limited number of people with the knowledge to program machines. D) Human shortcomings will make creating the machines we need more difficult.', 'D', 1),
('c1800000-0000-0000-0000-000000000060', 'b1800000-0000-0000-0000-000000000005', 20, 'true_false', '[Write YES / NO / NOT GIVEN] Machines with the ability to make moral decisions may prevent us from promoting the interests of our communities.', 'YES', 1),
('c1800000-0000-0000-0000-000000000061', 'b1800000-0000-0000-0000-000000000005', 21, 'true_false', '[Write YES / NO / NOT GIVEN] Silicon police would need to exist in large numbers in order to be effective.', 'NOT GIVEN', 1),
('c1800000-0000-0000-0000-000000000062', 'b1800000-0000-0000-0000-000000000005', 22, 'true_false', '[Write YES / NO / NOT GIVEN] Many people are comfortable with the prospect of their independence being restricted by machines.', 'NO', 1),
('c1800000-0000-0000-0000-000000000063', 'b1800000-0000-0000-0000-000000000005', 23, 'true_false', '[Write YES / NO / NOT GIVEN] If we want to ensure that machines act in our best interests, we all need to work together.', 'YES', 1),
('c1800000-0000-0000-0000-000000000064', 'b1800000-0000-0000-0000-000000000005', 24, 'matching', '[Match to phrase: A=medical practitioners B=specialised tasks C=available resources D=reduced illness E=professional authority F=technology experts] AI currently has a limited role in the way ___ (24) are allocated in the health service.', 'C', 1),
('c1800000-0000-0000-0000-000000000065', 'b1800000-0000-0000-0000-000000000005', 25, 'matching', '[Match to phrase: A=medical practitioners B=specialised tasks C=available resources D=reduced illness E=professional authority F=technology experts] Such a change would result in certain ___ (25) not having their current level of control.', 'A', 1),
('c1800000-0000-0000-0000-000000000066', 'b1800000-0000-0000-0000-000000000005', 26, 'matching', '[Match to phrase: A=medical practitioners B=specialised tasks C=available resources D=reduced illness E=professional authority F=technology experts] It is therefore important that AI goals are appropriate so that discriminatory practices could be avoided regarding ___ (26).', 'E', 1),
('c1800000-0000-0000-0000-000000000067', 'b1800000-0000-0000-0000-000000000006', 27, 'true_false', '[Write TRUE / FALSE / NOT GIVEN] People first referred to Leonardo da Vinci as a genius 500 years ago.', 'NOT GIVEN', 1),
('c1800000-0000-0000-0000-000000000068', 'b1800000-0000-0000-0000-000000000006', 28, 'true_false', '[Write TRUE / FALSE / NOT GIVEN] The current climate crisis is predicted to cause more deaths than the plague.', 'NOT GIVEN', 1),
('c1800000-0000-0000-0000-000000000069', 'b1800000-0000-0000-0000-000000000006', 29, 'true_false', '[Write TRUE / FALSE / NOT GIVEN] Some of the challenges we face today can be compared to those of earlier times.', 'TRUE', 1),
('c1800000-0000-0000-0000-000000000070', 'b1800000-0000-0000-0000-000000000006', 30, 'true_false', '[Write TRUE / FALSE / NOT GIVEN] Leonardo da Vinci''s ideal city was constructed in the 15th century.', 'FALSE', 1),
('c1800000-0000-0000-0000-000000000071', 'b1800000-0000-0000-0000-000000000006', 31, 'true_false', '[Write TRUE / FALSE / NOT GIVEN] Poor town planning is a major contributor to climate change.', 'TRUE', 1),
('c1800000-0000-0000-0000-000000000072', 'b1800000-0000-0000-0000-000000000006', 32, 'true_false', '[Write TRUE / FALSE / NOT GIVEN] In Renaissance times, local people fought against the changes to Pienza and Ferrara.', 'NOT GIVEN', 1),
('c1800000-0000-0000-0000-000000000073', 'b1800000-0000-0000-0000-000000000006', 33, 'true_false', '[Write TRUE / FALSE / NOT GIVEN] Leonardo da Vinci kept a neat, organised record of his designs.', 'FALSE', 1),
('c1800000-0000-0000-0000-000000000074', 'b1800000-0000-0000-0000-000000000006', 34, 'fill_blank', '[Complete the summary. Choose ONE WORD ONLY from the passage.] This was to provide better ___ (34) for trade and a less polluted environment.', 'transport', 1),
('c1800000-0000-0000-0000-000000000075', 'b1800000-0000-0000-0000-000000000006', 35, 'fill_blank', '[Complete the summary. Choose ONE WORD ONLY from the passage.] They included features such as ___ (35) on the exterior of a building.', 'staircases', 1),
('c1800000-0000-0000-0000-000000000076', 'b1800000-0000-0000-0000-000000000006', 36, 'fill_blank', '[Complete the summary. Choose ONE WORD ONLY from the passage.] Leonardo da Vinci''s expertise in ___ (36) was evident in his plans for artificial canals.', 'engineering', 1),
('c1800000-0000-0000-0000-000000000077', 'b1800000-0000-0000-0000-000000000006', 37, 'fill_blank', '[Complete the summary. Choose ONE WORD ONLY from the passage.] The design of many cities in Italy today follows this ___ (37).', 'rule', 1),
('c1800000-0000-0000-0000-000000000078', 'b1800000-0000-0000-0000-000000000006', 38, 'fill_blank', '[Complete the summary. Choose ONE WORD ONLY from the passage.] While some cities from ___ (38) times have aspects that can also be found in Leonardo''s designs.', 'Roman', 1),
('c1800000-0000-0000-0000-000000000079', 'b1800000-0000-0000-0000-000000000006', 39, 'fill_blank', '[Complete the summary. Choose ONE WORD ONLY from the passage.] ___ (39) is one example of a city that was redesigned in the 19th century in the way that Leonardo had envisaged.', 'Paris', 1),
('c1800000-0000-0000-0000-000000000080', 'b1800000-0000-0000-0000-000000000006', 40, 'fill_blank', '[Complete the summary. Choose ONE WORD ONLY from the passage.] His ideas are also relevant to today''s world, where building ___ (40) no longer seems to be the best approach.', 'outwards', 1);
-- ============================================================
-- Cambridge IELTS 19 Academic — Reading Test 3 (Test 8 on site)
-- ============================================================

INSERT INTO tests (id, title, type, book_number, test_number, difficulty) VALUES
  ('a1900000-0000-0000-0000-000000000008', 'Cambridge IELTS 19 — Reading Test 8', 'reading', 19, 8, 'medium');

INSERT INTO test_sections (id, test_id, section_number, title, instructions) VALUES
(
  'b1900000-0000-0000-0000-000000000081',
  'a1900000-0000-0000-0000-000000000008',
  1,
  'Materials to take us beyond concrete',
  'PASSAGE 1: Materials to take us beyond concrete

You should spend about 20 minutes on Questions 1–13, which are based on Reading Passage 1 below.

Concrete is everywhere, but it''s bad for the planet, generating large amounts of carbon dioxide – alternatives are being developed

A  Concrete is the second most used substance in the global economy, after water – and one of the world''s biggest single sources of greenhouse gas emissions. The chemical process by which cement, the key ingredient of concrete, is created results in large quantities of carbon dioxide. The UN estimates that there will be 9.8 billion people living on the planet by mid-century. They will need somewhere to live. If concrete is the only answer to the construction of new cities, then carbon emissions will soar, aggravating global warming. And so scientists have started innovating with other materials, in a scramble for alternatives to a universal commodity that has underpinned our modern life for many years.

B  The problem with replacing concrete is that it is so very good at what it does. Chris Cheeseman, an engineering professor at Imperial College London, says the key thing to consider is the extent to which concrete is used around the world, and is likely to continue to be used. ''Concrete is not a high-carbon product. Cement is high carbon, but concrete is not. But it is the scale on which it is used that makes it high carbon. The sheer scale of manufacture is so huge, that is the issue.''

C  Not only are the ingredients of concrete relatively cheap and found in abundance in most places around the globe, the stuff itself has marvellous properties: Portland cement, the vital component of concrete, is mouldable and pourable, but quickly sets hard. Cheeseman also notes another advantage: concrete and steel have similar thermal expansion properties, so steel can be used to reinforce concrete, making it far stronger and more flexible as a building material than it could be on its own. According to Cheeseman, all these factors together make concrete hard to beat. ''Concrete is amazing stuff. Making anything with similar properties is going to be very difficult.''

D  A possible alternative to concrete is wood. Making buildings from wood may seem like a rather medieval idea, but climate change is driving architects to turn to treated timber as a possible resource. Recent years have seen the emergence of tall buildings constructed almost entirely from timber. Vancouver, Vienna and Brumunddal in Norway are all home to constructed tall, wooden buildings.

E  Using wood to construct buildings, however, is not straightforward. Wood expands as it absorbs moisture from the air and is susceptible to pests, not to mention fire. But treating wood and combining it with other materials can improve its properties. Cross-laminated timber is engineered wood. An adhesive is used to stick layers of solid-sawn timber together, crosswise, to form building blocks. This material is light but has the strength of concrete and steel. Construction experts say that wooden buildings can be constructed at a greater speed than ones of concrete and steel and the process, it seems, is quieter.

F  Stora Enso is Europe''s biggest supplier of cross-laminated timber, and its vice-president Markus Mannström reports that the company is seeing increasing demand globally for building in wood, with climate change concerns the key driver. Finland, with its large forests, where Stora Enso is based, has been leading the way, but the company is seeing a rise in demand for its timber products across the world, including in Asia. Of course, using timber in a building also locks away the carbon that it absorbed as it grew. But even treated wood has its limitations and only when a wider range of construction projects has been proven in practice will it be possible to see wood as a real alternative to concrete in constructing tall buildings.

G  Fly ash and slag from iron ore are possible alternatives to cement in a concrete mix. Fly ash, a byproduct of coal-burning power plants, can be incorporated into concrete mixes to make up as much as 15 to 30% of the cement, without harming the strength or durability of the resulting mix. Iron-ore slag, a byproduct of the iron-ore smelting process, can be used in a similar way. Their incorporation into concrete mixes has the potential to reduce greenhouse gas emissions. But Anna Surgenor, of the UK''s Green Building Council, notes that although these waste products can save carbon in the concrete mix, their use is not always straightforward. ''It''s possible to replace the cement content in concrete with waste products to lower the overall carbon impact. But there are several calculations that need to be considered across the entire life cycle of the building – these include factoring in where these materials are being shipped from. If they are transported over long distances, using fossil fuels, the use of alternative materials might not make sense from an overall carbon reduction perspective.''

H  While these technologies are all promising ideas, they are either unproven or based on materials that are not abundant. In their overview of innovation in the concrete industry, Felix Preston and Johanna Lehne of the UK''s Royal Institute of International Affairs reached the conclusion that, ''Some novel cements have been discussed for more than a decade within the research community, without breaking through. At present, these alternatives are rarely as cost-effective as conventional cement, and they face raw-material shortages and resistance from customers.'''
),
(
  'b1900000-0000-0000-0000-000000000082',
  'a1900000-0000-0000-0000-000000000008',
  2,
  'The steam car',
  'PASSAGE 2: The steam car

You should spend about 20 minutes on Questions 14–26, which are based on Reading Passage 2 below.

The successes and failures of the Doble brothers and their steam cars

A  When primitive automobiles first began to appear in the 1800s, their engines were based on steam power. Steam had already enjoyed a long and successful career in the railways, so it was only natural that the technology evolved into a miniaturized version which was separate from the trains. But these early cars inherited steam''s weaknesses along with its strengths. The boilers had to be lit by hand, and they required about twenty minutes to build up pressure before they could be driven. Furthermore, their water reservoirs only lasted for about thirty miles before needing replenishment. Despite such shortcomings, these newly designed self-propelled carriages offered quick transportation, and by the early 1900s it was not uncommon to see such machines shuttling wealthy citizens around town.

B  But the glory days of steam cars were few. A new technology called the Internal Combustion Engine soon appeared, which offered the ability to drive down the road just moments after starting up. At first, these noisy gasoline cars were unpopular because they were more complicated to operate and they had difficult hand-crank starters, which were known to break arms when the engines backfired. But in 1912 General Motors introduced the electric starter, and over the following few years steam power was gradually phased out.

C  Even as the market was declining, four brothers made one last effort to rekindle the technology. Between 1906 and 1909, while still attending high school, Abner Doble and his three brothers built their first steam car in their parents'' basement. It comprised parts taken from a wrecked early steam car but reconfigured to drive an engine of their own design. Though it did not run well, the Doble brothers went on to build a second and third prototype in the following years. Though the Doble boys'' third prototype, nicknamed the Model B, still lacked the convenience of an internal combustion engine, it drew the attention of automobile trade magazines due to its numerous improvements over previous steam cars. The Model B proved to be superior to gasoline automobiles in many ways. Its high-pressure steam drove the engine pistons in virtual silence, in contrast to clattering gas engines which emitted the aroma of burned hydrocarbons. Perhaps most impressively, the Model B was amazingly swift. It could accelerate from zero to sixty miles per hour in just fifteen seconds, a feat described as ''remarkable acceleration'' by Automobile magazine in 1914.

D  The following year Abner Doble drove the Model B from Massachusetts to Detroit in order to seek investment in his automobile design, which he used to open the General Engineering Company. He and his brothers immediately began working on the Model C, which was intended to expand upon the innovations of the Model B. The brothers added features such as a key-based ignition in the cabin, eliminating the need for the operator to manually ignite the boiler. With these enhancements, the Dobles'' new car company promised a steam vehicle which would provide all of the convenience of a gasoline car, but with much greater speed, much simpler driving controls, and a virtually silent powerplant. By the following April, the General Engineering Company had received 5,390 deposits for Doble Detroits, which were scheduled for delivery in early 1918.

E  Later that year Abner Doble delivered unhappy news to those eagerly awaiting the delivery of their modern new cars. Those buyers who received the handful of completed cars complained that the vehicles were sluggish and erratic, sometimes going in reverse when they should go forward. The new engine design, though innovative, was still plagued with serious glitches.

F  The brothers made one final attempt to produce a viable steam automobile. In early 1924, the Doble brothers shipped a Model E to New York City to be road-tested by the Automobile Club of America. After sitting overnight in freezing temperatures, the car was pushed out into the road and left to sit for over an hour in the frosty morning air. At the turn of the key, the boiler lit and reached its operating pressure inside of forty seconds. As they drove the test vehicle further, they found that its evenly distributed weight lent it surprisingly good handling, even though it was so heavy. As the new Doble steamer was further developed and tested, its maximum speed was pushed to over a hundred miles per hour, and it achieved about fifteen miles per gallon of kerosene with negligible emissions.

G  Sadly, the Dobles'' brilliant steam car never was a financial success. Priced at around $18,000 in 1924, it was popular only among the very wealthy. Plus, it is said that no two Model Es were quite the same, because Abner Doble tinkered endlessly with the design. By the time the company folded in 1931, fewer than fifty of the amazing Model E steam cars had been produced. For his whole career, until his death in 1961, Abner Doble remained adamant that steam-powered automobiles were at least equal to gasoline cars, if not superior. Given the evidence, he may have been right. Many of the Model E Dobles which have survived are still in good working condition, some having been driven over half a million miles with only normal maintenance. Astonishingly, an unmodified Doble Model E runs clean enough to pass the emissions laws in California today, and they are pretty strict. It is true that the technology poses some difficult problems, but you cannot help but wonder how efficient a steam car might be with the benefit of modern materials and computers. Under the current pressure to improve automotive performance and reduce emissions, it is not unthinkable that the steam car may rise again.'
),
(
  'b1900000-0000-0000-0000-000000000083',
  'a1900000-0000-0000-0000-000000000008',
  3,
  'The case for mixed-ability classes',
  'PASSAGE 3: The case for mixed-ability classes

You should spend about 20 minutes on Questions 27–40, which are based on Reading Passage 3 below.

Picture this scene. It''s an English literature lesson in a UK school, and the teacher has just read an extract from Shakespeare''s Romeo and Juliet with a class of 15-year-olds. He''s given some of the students copies of No Fear Shakespeare, a kid-friendly translation of the original. For three students, even these literacy demands are beyond them. Another girl simply can''t focus and he gives her pens and paper to draw with. The teacher can ask the No Fear group to identify the key characters and maybe provide a tentative plot summary. He can ask most of the class about character development, and five of them might be able to support their statements with textual evidence. Now two curious students are wondering whether Shakespeare advocates living a life of moderation or one of passionate engagement.

As a teacher myself, I''d think my lesson would be going rather well if the discussion went as described above. But wouldn''t this kind of class work better if there weren''t such a huge gap between the top and the bottom? If we put all the kids who needed literacy support into one class, and all the students who want to discuss the virtue of moderation into another?

The practice of ''streaming'', or ''tracking'', involves separating students into classes depending on their diagnosed levels of attainment. At a macro level, it requires the establishment of academically selective schools for the brightest students, and comprehensive schools for the rest. Within schools, it means selecting students into a ''stream'' of general ability, or ''sets'' of subject-specific ability. The practice is intuitively appealing to almost every stakeholder.

I have heard the mixed-ability model attacked by way of analogy: a group hike. The fittest in the group take the lead and set a brisk pace, only to have to stop and wait every 20 minutes. This is frustrating, and their enthusiasm wanes. Meanwhile, the slowest ones are not only embarrassed but physically struggling to keep up. What''s worse, they never get a long enough break. They honestly just want to quit. Hiking, they feel, is not for them.

Mixed-ability classes bore students, frustrate parents and burn out teachers. The brightest ones will never summit Mount Qomolangma, and the stragglers won''t enjoy the lovely stroll in the park they are perhaps more suited to. Individuals suffer at the demands of the collective, mediocrity prevails. So: is learning like hiking?

The current pedagogical paradigm is arguably that of constructivism, which emerged out of the work of psychologist Lev Vygotsky. In the 1930s, Vygotsky emphasised the importance of targeting a student''s specific ''zone of proximal development'' (ZPD). This is the gap between what they can achieve only with support – teachers, textbooks, worked examples, parents and so on – and what they can achieve independently. The purpose of teaching is to provide and then gradually remove this ''scaffolding'' until they are autonomous. If we accept this model, it follows that streaming students with similar ZPDs would be an efficient and effective solution. And that forcing everyone on the same hike – regardless of aptitude – would be madness.

Despite all this, there is limited empirical evidence to suggest that streaming results in better outcomes for students. Professor John Hattie, director of the Melbourne Education Research Institute, notes that ''tracking has minimal effects on learning outcomes''. What is more, streaming appears to significantly – and negatively – affect those students assigned to the lowest sets. These students tend to have much higher representation of low socioeconomic class. Less significant is the small benefit for those lucky clever students in the higher sets. The overall result is that the smart stay smart and the dumb get dumber, further entrenching the social divide.

In the latest update of Hattie''s influential meta-analysis of factors influencing student achievement, one of the most significant factors is the teachers'' estimate of achievement. Streaming students by diagnosed achievement automatically limits what the teacher feels the student is capable of. Meanwhile, in a mixed environment, teachers'' estimates need to be more diverse and flexible.

While streaming might seem to help teachers effectively target a student''s ZPD, it can underestimate the importance of peer-to-peer learning. A crucial aspect of constructivist theory is the role of the MKO – ''more-knowledgeable other'' – in knowledge construction. While teachers are traditionally the MKOs in classrooms, the value of knowledgeable student peers must not go unrecognised either.

I find it amazing to watch students get over an idea to their peers in ways that I would never think of. They operate with different language tools and different social tools from teachers and, having just learnt it themselves, they possess similar cognitive structures to their struggling classmates. There is also something exciting about passing on skills and knowledge that you yourself have just mastered – a certain pride and zeal, a certain freshness to the interaction between ''teacher'' and ''learner'' that is often lost by the expert for whom the steps are obvious and the joy of discovery forgotten.

Having a variety of different abilities in a collaborative learning environment provides valuable resources for helping students meet their learning needs, not to mention improving their communication and social skills. And today, more than ever, we need the many to flourish – not suffer at the expense of a few bright stars. Once a year, I go on a hike with my class, a mixed bunch of students. It is challenging. The fittest students realise they need to encourage the reluctant. There are lookouts who report back, and extra items to carry for others. We make it – together.'
);

INSERT INTO questions (id, section_id, question_number, question_type, question_text, correct_answer, points) VALUES
-- PASSAGE 1: Q1-4 matching sections A-H
('c1900000-0000-0000-0000-000000000801', 'b1900000-0000-0000-0000-000000000081', 1, 'matching', '[Reading Passage 1 has eight sections, A–H. Which section contains the following information? Write the correct letter, A–H.] an explanation of the industrial processes that create potential raw materials for concrete', 'G', 1),
('c1900000-0000-0000-0000-000000000802', 'b1900000-0000-0000-0000-000000000081', 2, 'matching', '[Reading Passage 1 has eight sections, A–H. Which section contains the following information? Write the correct letter, A–H.] a reference to the various locations where high-rise wooden buildings can be found', 'D', 1),
('c1900000-0000-0000-0000-000000000803', 'b1900000-0000-0000-0000-000000000081', 3, 'matching', '[Reading Passage 1 has eight sections, A–H. Which section contains the following information? Write the correct letter, A–H.] an indication of how widely available the raw materials of concrete are', 'C', 1),
('c1900000-0000-0000-0000-000000000804', 'b1900000-0000-0000-0000-000000000081', 4, 'matching', '[Reading Passage 1 has eight sections, A–H. Which section contains the following information? Write the correct letter, A–H.] the belief that more high-rise wooden buildings are needed before wood can be regarded as a viable construction material', 'F', 1),
-- PASSAGE 1: Q5-8 fill blank (ONE WORD ONLY) - summary "Making buildings with wood"
('c1900000-0000-0000-0000-000000000805', 'b1900000-0000-0000-0000-000000000081', 5, 'fill_blank', '[Complete the summary. Choose ONE WORD ONLY from the passage.] Wood is a traditional building material, but current environmental concerns are encouraging ___ (5) to use wood in modern construction projects.', 'architects', 1),
('c1900000-0000-0000-0000-000000000806', 'b1900000-0000-0000-0000-000000000081', 6, 'fill_blank', '[Complete the summary. Choose ONE WORD ONLY from the passage.] Using wood, however, has its challenges. For example, as ___ (6) in the atmosphere enters wood, it increases in size.', 'moisture', 1),
('c1900000-0000-0000-0000-000000000807', 'b1900000-0000-0000-0000-000000000081', 7, 'fill_blank', '[Complete the summary. Choose ONE WORD ONLY from the passage.] In one process, ___ (7) of solid wood are glued together to create building blocks.', 'layers', 1),
('c1900000-0000-0000-0000-000000000808', 'b1900000-0000-0000-0000-000000000081', 8, 'fill_blank', '[Complete the summary. Choose ONE WORD ONLY from the passage.] Experts say that wooden buildings are an improvement on those made of concrete and steel in terms of the ___ (8) with which they can be constructed and how much noise is generated by the process.', 'speed', 1),
-- PASSAGE 1: Q9-13 matching people (A-D)
('c1900000-0000-0000-0000-000000000809', 'b1900000-0000-0000-0000-000000000081', 9, 'matching', '[Match each statement with the correct person: A=Chris Cheeseman B=Markus Mannström C=Anna Surgenor D=Felix Preston and Johanna Lehne. NB You may use any letter more than once.] The environmental advantage of cement alternatives may not be as great as initially assumed.', 'C', 1),
('c1900000-0000-0000-0000-000000000810', 'b1900000-0000-0000-0000-000000000081', 10, 'matching', '[Match each statement with the correct person: A=Chris Cheeseman B=Markus Mannström C=Anna Surgenor D=Felix Preston and Johanna Lehne. NB You may use any letter more than once.] It would be hard to create a construction alternative to concrete that offers so many comparable benefits.', 'A', 1),
('c1900000-0000-0000-0000-000000000811', 'b1900000-0000-0000-0000-000000000081', 11, 'matching', '[Match each statement with the correct person: A=Chris Cheeseman B=Markus Mannström C=Anna Surgenor D=Felix Preston and Johanna Lehne. NB You may use any letter more than once.] Worries about the environment have led to increased interest in wood as a construction material.', 'B', 1),
('c1900000-0000-0000-0000-000000000812', 'b1900000-0000-0000-0000-000000000081', 12, 'matching', '[Match each statement with the correct person: A=Chris Cheeseman B=Markus Mannström C=Anna Surgenor D=Felix Preston and Johanna Lehne. NB You may use any letter more than once.] Expense has been a factor in the negative response to the development of new cements.', 'D', 1),
('c1900000-0000-0000-0000-000000000813', 'b1900000-0000-0000-0000-000000000081', 13, 'matching', '[Match each statement with the correct person: A=Chris Cheeseman B=Markus Mannström C=Anna Surgenor D=Felix Preston and Johanna Lehne. NB You may use any letter more than once.] The environmental damage caused by concrete is due to it being produced in large quantities.', 'A', 1),
-- PASSAGE 2: Q14-20 matching headings (i-viii)
('c1900000-0000-0000-0000-000000000814', 'b1900000-0000-0000-0000-000000000082', 14, 'matching_headings', '[Choose the correct heading for each paragraph from the list below. Write the correct number, i–viii. Headings: i=A period in cold conditions before the technology is assessed ii=Marketing issues lead to failure iii=Good and bad aspects of steam technology are passed on iv=A possible solution to the issues of today v=Further improvements lead to commercial orders vi=Positive publicity at last for this quiet, clean, fast vehicle vii=A disappointing outcome for customers viii=A better option than the steam car arises] Paragraph A', 'iii', 1),
('c1900000-0000-0000-0000-000000000815', 'b1900000-0000-0000-0000-000000000082', 15, 'matching_headings', '[Choose the correct heading for each paragraph from the list below. Write the correct number, i–viii. Headings: i=A period in cold conditions before the technology is assessed ii=Marketing issues lead to failure iii=Good and bad aspects of steam technology are passed on iv=A possible solution to the issues of today v=Further improvements lead to commercial orders vi=Positive publicity at last for this quiet, clean, fast vehicle vii=A disappointing outcome for customers viii=A better option than the steam car arises] Paragraph B', 'viii', 1),
('c1900000-0000-0000-0000-000000000816', 'b1900000-0000-0000-0000-000000000082', 16, 'matching_headings', '[Choose the correct heading for each paragraph from the list below. Write the correct number, i–viii. Headings: i=A period in cold conditions before the technology is assessed ii=Marketing issues lead to failure iii=Good and bad aspects of steam technology are passed on iv=A possible solution to the issues of today v=Further improvements lead to commercial orders vi=Positive publicity at last for this quiet, clean, fast vehicle vii=A disappointing outcome for customers viii=A better option than the steam car arises] Paragraph C', 'vi', 1),
('c1900000-0000-0000-0000-000000000817', 'b1900000-0000-0000-0000-000000000082', 17, 'matching_headings', '[Choose the correct heading for each paragraph from the list below. Write the correct number, i–viii. Headings: i=A period in cold conditions before the technology is assessed ii=Marketing issues lead to failure iii=Good and bad aspects of steam technology are passed on iv=A possible solution to the issues of today v=Further improvements lead to commercial orders vi=Positive publicity at last for this quiet, clean, fast vehicle vii=A disappointing outcome for customers viii=A better option than the steam car arises] Paragraph D', 'v', 1),
('c1900000-0000-0000-0000-000000000818', 'b1900000-0000-0000-0000-000000000082', 18, 'matching_headings', '[Choose the correct heading for each paragraph from the list below. Write the correct number, i–viii. Headings: i=A period in cold conditions before the technology is assessed ii=Marketing issues lead to failure iii=Good and bad aspects of steam technology are passed on iv=A possible solution to the issues of today v=Further improvements lead to commercial orders vi=Positive publicity at last for this quiet, clean, fast vehicle vii=A disappointing outcome for customers viii=A better option than the steam car arises] Paragraph E', 'vii', 1),
('c1900000-0000-0000-0000-000000000819', 'b1900000-0000-0000-0000-000000000082', 19, 'matching_headings', '[Choose the correct heading for each paragraph from the list below. Write the correct number, i–viii. Headings: i=A period in cold conditions before the technology is assessed ii=Marketing issues lead to failure iii=Good and bad aspects of steam technology are passed on iv=A possible solution to the issues of today v=Further improvements lead to commercial orders vi=Positive publicity at last for this quiet, clean, fast vehicle vii=A disappointing outcome for customers viii=A better option than the steam car arises] Paragraph F', 'i', 1),
('c1900000-0000-0000-0000-000000000820', 'b1900000-0000-0000-0000-000000000082', 20, 'matching_headings', '[Choose the correct heading for each paragraph from the list below. Write the correct number, i–viii. Headings: i=A period in cold conditions before the technology is assessed ii=Marketing issues lead to failure iii=Good and bad aspects of steam technology are passed on iv=A possible solution to the issues of today v=Further improvements lead to commercial orders vi=Positive publicity at last for this quiet, clean, fast vehicle vii=A disappointing outcome for customers viii=A better option than the steam car arises] Paragraph G', 'iv', 1),
-- PASSAGE 2: Q21-23 multiple choice
('c1900000-0000-0000-0000-000000000821', 'b1900000-0000-0000-0000-000000000082', 21, 'multiple_choice', 'What point does the writer make about the steam car in Paragraph B? A) Its success was short-lived. B) Not enough cars were made. C) Car companies found them hard to sell. D) People found them hard to drive.', 'A', 1),
('c1900000-0000-0000-0000-000000000822', 'b1900000-0000-0000-0000-000000000082', 22, 'multiple_choice', 'When building their first steam car, the Doble brothers A) constructed all the parts themselves. B) made written notes at each stage of the construction. C) needed several attempts to achieve a competitive model. D) sought the advice of experienced people in the car industry.', 'C', 1),
('c1900000-0000-0000-0000-000000000823', 'b1900000-0000-0000-0000-000000000082', 23, 'multiple_choice', 'In order to produce the Model C, the Doble brothers A) moved production to a different city. B) raised financial capital. C) employed an additional worker. D) abandoned their earlier designs.', 'B', 1),
-- PASSAGE 2: Q24-26 fill blank (ONE WORD AND/OR A NUMBER)
('c1900000-0000-0000-0000-000000000824', 'b1900000-0000-0000-0000-000000000082', 24, 'fill_blank', '[Complete the summary. Choose ONE WORD AND/OR A NUMBER from the passage.] The Model E was road-tested in 1924 by the Automobile Club of America. They found it easy to drive, despite its weight, and it impressed the spectators. A later version of the Model E raised its ___ (24), while keeping its emissions extremely low.', 'speed', 1),
('c1900000-0000-0000-0000-000000000825', 'b1900000-0000-0000-0000-000000000082', 25, 'fill_blank', '[Complete the summary. Choose ONE WORD AND/OR A NUMBER from the passage.] The steam car was too expensive for many people and its design was constantly being altered. Under ___ (25) cars were produced before the company went out of business.', 'fifty', 1),
('c1900000-0000-0000-0000-000000000826', 'b1900000-0000-0000-0000-000000000082', 26, 'fill_blank', '[Complete the summary. Choose ONE WORD AND/OR A NUMBER from the passage.] However, even today, there are Model Es on the road in the US. They are straightforward to maintain, and they satisfy California''s ___ (26) emissions laws.', 'strict', 1),
-- PASSAGE 3: Q27-30 multiple choice
('c1900000-0000-0000-0000-000000000827', 'b1900000-0000-0000-0000-000000000083', 27, 'multiple_choice', 'The writer describes the Romeo and Juliet lesson in order to demonstrate A) how few students are interested in literature. B) how a teacher handles a range of learning needs. C) how unsuitable Shakespeare is for most teenagers. D) how weaker students can disrupt their classmates'' learning.', 'B', 1),
('c1900000-0000-0000-0000-000000000828', 'b1900000-0000-0000-0000-000000000083', 28, 'multiple_choice', 'What does the writer say about streaming in the third paragraph? A) It has a very broad appeal. B) It favours cleverer students. C) It is relatively simple to implement. D) It works better in some schools than others.', 'A', 1),
('c1900000-0000-0000-0000-000000000829', 'b1900000-0000-0000-0000-000000000083', 29, 'multiple_choice', 'What idea is suggested by the reference to Mount Qomolangma in the fifth paragraph? A) students following unsuitable paths B) students attempting interesting tasks C) students not achieving their full potential D) students not being aware of their limitations', 'C', 1),
('c1900000-0000-0000-0000-000000000830', 'b1900000-0000-0000-0000-000000000083', 30, 'multiple_choice', 'What does the word ''scaffolding'' in the sixth paragraph refer to? A) the factors which prevent a student from learning effectively B) the environment where most of a student''s learning takes place C) the assistance given to a student in their initial stages of learning D) the setting of appropriate learning targets for a student''s aptitude', 'C', 1),
-- PASSAGE 3: Q31-35 matching phrases (A-I)
('c1900000-0000-0000-0000-000000000831', 'b1900000-0000-0000-0000-000000000083', 31, 'matching', '[Complete the summary using the list of phrases A–I below. Write the correct letter, A–I. Phrases: A=wrong classes B=lower expectations C=average learners D=bottom sets E=brightest pupils F=disadvantaged backgrounds G=weaker students H=higher achievements I=positive impressions] According to Professor John Hattie, there is very little indication that streaming leads to ___ (31).', 'H', 1),
('c1900000-0000-0000-0000-000000000832', 'b1900000-0000-0000-0000-000000000083', 32, 'matching', '[Complete the summary using the list of phrases A–I below. Write the correct letter, A–I. Phrases: A=wrong classes B=lower expectations C=average learners D=bottom sets E=brightest pupils F=disadvantaged backgrounds G=weaker students H=higher achievements I=positive impressions] He points out that the most significant impact is on those students placed in the ___ (32).', 'D', 1),
('c1900000-0000-0000-0000-000000000833', 'b1900000-0000-0000-0000-000000000083', 33, 'matching', '[Complete the summary using the list of phrases A–I below. Write the correct letter, A–I. Phrases: A=wrong classes B=lower expectations C=average learners D=bottom sets E=brightest pupils F=disadvantaged backgrounds G=weaker students H=higher achievements I=positive impressions] especially where a large proportion of them have ___ (33).', 'F', 1),
('c1900000-0000-0000-0000-000000000834', 'b1900000-0000-0000-0000-000000000083', 34, 'matching', '[Complete the summary using the list of phrases A–I below. Write the correct letter, A–I. Phrases: A=wrong classes B=lower expectations C=average learners D=bottom sets E=brightest pupils F=disadvantaged backgrounds G=weaker students H=higher achievements I=positive impressions] Meanwhile, for the ___ (34), there appears to be only minimal advantage.', 'E', 1),
('c1900000-0000-0000-0000-000000000835', 'b1900000-0000-0000-0000-000000000083', 35, 'matching', '[Complete the summary using the list of phrases A–I below. Write the correct letter, A–I. Phrases: A=wrong classes B=lower expectations C=average learners D=bottom sets E=brightest pupils F=disadvantaged backgrounds G=weaker students H=higher achievements I=positive impressions] A further issue is that teachers tend to have ___ (35) of students in streamed groups.', 'B', 1),
-- PASSAGE 3: Q36-40 YES/NO/NOT GIVEN
('c1900000-0000-0000-0000-000000000836', 'b1900000-0000-0000-0000-000000000083', 36, 'true_false', '[Do the following statements agree with the views of the writer? Write YES if agrees, NO if contradicts, NOT GIVEN if impossible to say.] The Vygotsky model of education supports the concept of a mixed-ability class.', 'NO', 1),
('c1900000-0000-0000-0000-000000000837', 'b1900000-0000-0000-0000-000000000083', 37, 'true_false', '[Do the following statements agree with the views of the writer? Write YES if agrees, NO if contradicts, NOT GIVEN if impossible to say.] Some teachers are uncertain about allowing students to take on MKO roles in the classroom.', 'NOT GIVEN', 1),
('c1900000-0000-0000-0000-000000000838', 'b1900000-0000-0000-0000-000000000083', 38, 'true_false', '[Do the following statements agree with the views of the writer? Write YES if agrees, NO if contradicts, NOT GIVEN if impossible to say.] It can be rewarding to teach knowledge which you have only recently acquired.', 'YES', 1),
('c1900000-0000-0000-0000-000000000839', 'b1900000-0000-0000-0000-000000000083', 39, 'true_false', '[Do the following statements agree with the views of the writer? Write YES if agrees, NO if contradicts, NOT GIVEN if impossible to say.] The priority should be to ensure that the highest-achieving students attain their goals.', 'NO', 1),
('c1900000-0000-0000-0000-000000000840', 'b1900000-0000-0000-0000-000000000083', 40, 'true_false', '[Do the following statements agree with the views of the writer? Write YES if agrees, NO if contradicts, NOT GIVEN if impossible to say.] Taking part in collaborative outdoor activities with teachers and classmates can improve student outcomes in the classroom.', 'NOT GIVEN', 1);

-- ============================================================
-- Cambridge IELTS 19 Academic — Reading Test 4 (Test 9 on site)
-- ============================================================

INSERT INTO tests (id, title, type, book_number, test_number, difficulty) VALUES
  ('a1900000-0000-0000-0000-000000000009', 'Cambridge IELTS 19 — Reading Test 9', 'reading', 19, 9, 'medium');

INSERT INTO test_sections (id, test_id, section_number, title, instructions) VALUES
(
  'b1900000-0000-0000-0000-000000000091',
  'a1900000-0000-0000-0000-000000000009',
  1,
  'Green roofs',
  'PASSAGE 1: Green roofs

You should spend about 20 minutes on Questions 1–13, which are based on Reading Passage 1 below.

A  Rooftops covered with grass, vegetable gardens and lush foliage are now a common sight in many cities around the world. More and more private companies and city authorities are investing in green roofs, drawn to their wide-ranging benefits. Among the benefits are saving on energy costs, mitigating the risk of floods, making habitats for urban wildlife, tackling air pollution and even growing food. These increasingly radical urban designs can help cities adapt to the monumental problems they face, such as access to resources and a lack of green space due to development. But the involvement of city authorities, businesses and other institutions is crucial to ensuring their success – as is research investigating different options to suit the variety of rooftop spaces found in cities. The UK is relatively new to developing green roofs, and local governments and institutions are playing a major role in spreading the practice. London is home to much of the UK''s green roof market, mainly due to forward-thinking policies such as the London Plan, which has paved the way to more than doubling the area of green roofs in the capital.

B  Ongoing research is showcasing how green roofs in cities can integrate with ''living walls'': environmentally friendly walls which are partially or completely covered with greenery, including a growing medium, such as soil or water. Research also indicates that green roofs can be integrated with drainage systems on the ground, such as street trees, so that the water is managed better and the built environment is made more sustainable. There is also evidence to demonstrate the social value of green roofs. Doctors are increasingly prescribing time spent gardening outdoors for patients dealing with anxiety and depression. And research has found that access to even the most basic green spaces can provide a better quality of life for dementia sufferers and help people avoid obesity.

C  In North America, green roofs have become mainstream, with a wide array of expansive, accessible and food-producing roofs installed in buildings. Again, city leaders and authorities have helped push the movement forward – only recently, San Francisco, USA, created a policy requiring new buildings to have green roofs. Toronto, Canada, has policies dating from the 1990s, encouraging the development of urban farms on rooftops. These countries also benefit from having newer buildings than in many parts of the world, which makes it easier to install green roofs. Being able to keep enough water at roof height and distribute it right across the rooftop is crucial to maintaining the plants on any green roof – especially on ''edible roofs'' where fruit and vegetables are farmed. And it''s much easier to do this in newer buildings, which can typically hold greater weight, than to retro-fit old ones. Having a stronger roof also makes it easier to grow a greater variety of plants, since the soil can be deeper.

D  For green roofs to become the norm for new developments, there needs to be support from public authorities and private investors. Those responsible for maintaining buildings may have to acquire new skills, such as landscaping, and in some cases, volunteers may be needed to help out. Other considerations include installing drainage paths, meeting health and safety requirements and perhaps allowing access for the public, as well as planning restrictions and disruption from regular activities in and around the buildings during installation. To convince investors and developers that installing green roofs is worthwhile, economic arguments are still the most important. The term ''natural capital'' has been developed to explain the economic value of nature; for example, measuring the money saved by installing natural solutions to protect against flood damage, adapt to climate change or help people lead healthier and happier lives.

E  As the expertise about green roofs grows, official standards have been developed to ensure that they are designed, constructed and maintained properly, and function well. Improvements in the science and technology underpinning green roof development have also led to new variations in the concept. For example, ''blue roofs'' enable buildings to hold water over longer periods of time, rather than draining it away quickly – crucial in times of heavier rainfall. There are also combinations of green roofs with solar panels, and ''brown roofs'' which are wilder in nature and maximise biodiversity. If the trend continues, it could create new jobs and a more vibrant and sustainable local food economy – alongside many other benefits. There are still barriers to overcome, but the evidence so far indicates that green roofs have the potential to transform cities and help them function sustainably long into the future. The success stories need to be studied and replicated elsewhere, to make green, blue, brown and food-producing roofs the norm in cities around the world.'
),
(
  'b1900000-0000-0000-0000-000000000092',
  'a1900000-0000-0000-0000-000000000009',
  2,
  'The growth mindset',
  'PASSAGE 2: The growth mindset

You should spend about 20 minutes on Questions 14–26, which are based on Reading Passage 2 below.

Over the past century, a powerful idea has taken root in the educational landscape. The concept of intelligence as something innate has been supplanted by the idea that intelligence is not fixed, and that, with the right training, we can be the authors of our own cognitive capabilities. Psychologist Alfred Binet, the developer of the first intelligence tests, was one of many 19th-century scientists who held that earlier view and sought to quantify cognitive ability. Then, in the early 20th century, progressive thinkers revolted against the notion that inherent ability is destiny. Instead, educators such as John Dewey argued that every child''s intelligence could be developed, given the right environment.

''Growth mindset theory'' is a relatively new – and extremely popular – version of this idea. In many schools today you will see hallways covered in motivational posters and hear speeches on the mindset of great sporting heroes who simply believed their way to the top. A major focus of the growth mindset in schools is coaxing students away from seeing failure as an indication of their ability, and towards seeing it as a chance to improve that ability. As educationalist Jeff Howard noted several decades ago: ''Smart is not something that you just are, smart is something that you can get.''

The idea of the growth mindset is based on the work of psychologist Carol Dweck in California in the 1990s. In one key experiment, Dweck divided a group of 10- to 12-year-olds into two groups. All were told that they had achieved a high score on a test but the first group were praised for their intelligence in achieving this, while the others were praised for their effort. The second group – those who had been instilled with a ''growth mindset'' – were subsequently far more likely to put effort into future tasks. Meanwhile, the former took on only those tasks that would not risk their sense of worth. This group had inferred that success or failure is due to innate ability, and this ''fixed mindset'' had led them to fear of failure and lack of effort. Praising ability actually made the students perform worse, while praising effort emphasised that change was possible.

One of the greatest impediments to successfully implementing a growth mindset, however, is the education system itself: in many parts of the world, the school climate is obsessed with performance in the form of constant testing, analysing and ranking of students – a key characteristic of the fixed mindset. Nor is it unusual for schools to create a certain cognitive dissonance, when they applaud the benefits of a growth mindset but then hand out fixed target grades in lessons based on performance.

Aside from the implementation problem, the original growth mindset research has also received harsh criticism. The statistician Andrew Gelman claims that ''their research designs have enough degrees of freedom that they could take their data to support just about any theory at all''. Professor of Psychology Timothy Bates, who has been trying to replicate Dweck''s work, is finding that the results are repeatedly null. He notes that: ''People with a growth mindset don''t cope any better with failure … Kids with the growth mindset aren''t getting better grades, either before or after our intervention study.''

Much of this criticism is not lost on Dweck, and she deserves great credit for responding to it and adapting her work accordingly. In fact, she argues that her work has been misunderstood and misapplied in a range of ways. She has also expressed concerns that her theories are being misappropriated in schools by being conflated with the self-esteem movement: ''For me the growth mindset is a tool for learning and improvement. It''s not just a vehicle for making children feel good.''

But there is another factor at work here. The failure to translate the growth mindset into the classroom might reflect a misunderstanding of the nature of teaching and learning itself. Growth mindset supporters David Yeager and Gregory Walton claim that interventions should be delivered in a subtle way to maximise their effectiveness. They say that if adolescents perceive a teacher''s intervention as conveying that they are in need of help, this could undo its intended effects.

A lot of what drives students is their innate beliefs and how they perceive themselves. There is a strong correlation between self-perception and achievement, but there is evidence to suggest that the actual effect of achievement on self-perception is stronger than the other way round. To stand up in a classroom and successfully deliver a good speech is a genuine achievement, and that is likely to be more powerfully motivating than vague notions of ''motivation'' itself.

Recent evidence would suggest that growth mindset interventions are not the elixir of student learning that its proponents claim it to be. The growth mindset appears to be a viable construct in the lab, which, when administered in the classroom via targeted interventions, doesn''t seem to work. It is hard to dispute that having faith in the capacity to change is a good attribute for students. Paradoxically, however, that aspiration is not well served by direct interventions that try to instil it.

Motivational posters and talks are often a waste of time, and might well give students a deluded notion of what success actually means. Teaching concrete skills such as how to write an effective introduction to an essay then praising students'' effort in getting there is probably a far better way of improving confidence than telling them how unique they are, or indeed how capable they are of changing their own brains. Perhaps growth mindset works best as a philosophy and not an intervention.'
),
(
  'b1900000-0000-0000-0000-000000000093',
  'a1900000-0000-0000-0000-000000000009',
  3,
  'Alfred Wegener: science, exploration and the theory of continental drift',
  'PASSAGE 3: Alfred Wegener: science, exploration and the theory of continental drift

You should spend about 20 minutes on Questions 27–40, which are based on Reading Passage 3 below.

by Mott T Greene

Introduction

This is a book about the life and scientific work of Alfred Wegener, whose reputation today rests with his theory of continental displacements, better known as ''continental drift''. Wegener proposed this theory in 1912 and developed it extensively for nearly 20 years. His book on the subject, The Origin of Continents and Oceans, went through four editions and was the focus of an international controversy in his lifetime and for some years after his death.

Wegener''s basic idea was that many mysteries about the Earth''s history could be solved if one supposed that the continents moved laterally, rather than supposing that they remained fixed in place. Wegener showed in great detail how such continental movements were plausible and how they worked, using evidence from a large number of sciences including geology, geophysics, paleontology, and climatology. Wegener''s idea – that the continents move – is at the heart of the theory that guides Earth sciences today: namely plate tectonics. Plate tectonics is in many respects quite different from Wegener''s proposal, in the same way that modern evolutionary theory is very different from the ideas Charles Darwin proposed in the 1850s about biological evolution. Yet plate tectonics is a descendant of Alfred Wegener''s theory of continental drift, in quite the same way that modern evolutionary theory is a descendant of Darwin''s theory of natural selection.

When I started writing about Wegener''s life and work, one of the most intriguing things about him for me was that, although he came up with a theory on continental drift, he was not a geologist. He trained as an astronomer and pursued a career in atmospheric physics. When he proposed the theory of continental displacements in 1912, he was a lecturer in physics and astronomy at the University of Marburg, in southern Germany. However, he was not an ''unknown''. In 1906 he had set a world record (with his brother Kurt) for time aloft in a hot-air balloon: 52 hours. Between 1906 and 1908 he had taken part in a highly publicized and extremely dangerous expedition to the coast of northeast Greenland. He had also made a name for himself amongst a small circle of meteorologists and atmospheric physicists in Germany as the author of a textbook, Thermodynamics of the Atmosphere (1911), and of a number of interesting scientific papers.

As important as Wegener''s work on continental drift has turned out to be, it was largely a sideline to his interest in atmospheric physics, geophysics, and paleoclimatology. And thus I have been at great pains to put Wegener''s work on continental drift in the larger context of his other scientific work, and in the even larger context of atmospheric sciences in his lifetime. This is a ''continental drift book'' only to the extent that Wegener was interested in that topic and later became famous for it. My treatment of his other scientific work is no less detailed, though I certainly have devoted more attention to the reception of his ideas on continental displacement, as they were much more controversial than his other work.

Readers interested in the specific detail of Wegener''s career will see that he often stopped pursuing a given line of investigation (sometimes for years on end), only to pick it up later. I have tried to provide guideposts to his rapidly shifting interests by characterizing different phases of his life as careers in different sciences, which is reflected in the titles of the chapters. Thus, the index should be a sufficient guide for those interested in a particular aspect of Wegener''s life but perhaps not all of it. My own feeling, however, is that the parts do not make as much sense on their own as do all of his activities taken together. In this respect I urge readers to try to experience Wegener''s life as he lived it, with all the interruptions, changes of mind, and renewed efforts this entailed.

Wegener left behind a few published works but, as was standard practice, these reported the results of his work – not the journey he took to reach that point. Only a few hundred of the many thousands of letters he wrote and received in his lifetime have survived and he didn''t keep notebooks or diaries that recorded his life and activities. He was not active (with a few exceptions) in scientific societies, and did not seek to find influence or advance his ideas through professional contacts and politics, spending most of his time at home in his study reading and writing, or in the field collecting observations.

Some famous scientists, such as Newton, Darwin, and Einstein, left mountains of written material behind, hundreds of notebooks and letters numbering in the tens of thousands. Others, like Michael Faraday, left extensive journals of their thoughts and speculations, parallel to their scientific notebooks. The more such material a scientist leaves behind, the better chance a biographer has of forming an accurate picture of how a scientist''s ideas took shape and evolved.

I am firmly of the opinion that most of us, Wegener included, are not in any real sense the authors of our own lives. We plan, think, and act, often with apparent freedom, but most of the time our lives ''happen to us'', and we only retrospectively turn this happenstance into a coherent narrative of fulfilled intentions. This book, therefore, is a story both of the life and scientific work that Alfred Wegener planned and intended and of the life and scientific work that actually ''happened to him''. These are, as I think you will soon see, not always the same thing.'
);

INSERT INTO questions (id, section_id, question_number, question_type, question_text, correct_answer, points) VALUES
-- PASSAGE 1: Q1-5 matching paragraphs A-E
('c1900000-0000-0000-0000-000000000901', 'b1900000-0000-0000-0000-000000000091', 1, 'matching', '[Reading Passage 1 has five paragraphs, A–E. Which paragraph contains the following information? Write the correct letter, A–E. NB You may use any letter more than once.] mention of several challenges to be overcome before a green roof can be installed', 'D', 1),
('c1900000-0000-0000-0000-000000000902', 'b1900000-0000-0000-0000-000000000091', 2, 'matching', '[Reading Passage 1 has five paragraphs, A–E. Which paragraph contains the following information? Write the correct letter, A–E. NB You may use any letter more than once.] reference to a city where green roofs have been promoted for many years', 'C', 1),
('c1900000-0000-0000-0000-000000000903', 'b1900000-0000-0000-0000-000000000091', 3, 'matching', '[Reading Passage 1 has five paragraphs, A–E. Which paragraph contains the following information? Write the correct letter, A–E. NB You may use any letter more than once.] a belief that existing green roofs should be used as a model for new ones', 'E', 1),
('c1900000-0000-0000-0000-000000000904', 'b1900000-0000-0000-0000-000000000091', 4, 'matching', '[Reading Passage 1 has five paragraphs, A–E. Which paragraph contains the following information? Write the correct letter, A–E. NB You may use any letter more than once.] examples of how green roofs can work in combination with other green urban initiatives', 'B', 1),
('c1900000-0000-0000-0000-000000000905', 'b1900000-0000-0000-0000-000000000091', 5, 'matching', '[Reading Passage 1 has five paragraphs, A–E. Which paragraph contains the following information? Write the correct letter, A–E. NB You may use any letter more than once.] the need to make a persuasive argument for the financial benefits of green roofs', 'D', 1),
-- PASSAGE 1: Q6-9 fill blank ONE WORD ONLY — "Advantages of green roofs"
('c1900000-0000-0000-0000-000000000906', 'b1900000-0000-0000-0000-000000000091', 6, 'fill_blank', '[Complete the summary. Choose ONE WORD ONLY from the passage.] City rooftops covered with greenery have many advantages. These include lessening the likelihood that floods will occur, reducing how much money is spent on ___ (6) and creating environments that are suitable for wildlife.', 'energy', 1),
('c1900000-0000-0000-0000-000000000907', 'b1900000-0000-0000-0000-000000000091', 7, 'fill_blank', '[Complete the summary. Choose ONE WORD ONLY from the passage.] In many cases, they can also be used for producing ___ (7).', 'food', 1),
('c1900000-0000-0000-0000-000000000908', 'b1900000-0000-0000-0000-000000000091', 8, 'fill_blank', '[Complete the summary. Choose ONE WORD ONLY from the passage.] There are also social benefits of green roofs. For example, the medical profession recommends ___ (8) as an activity to help people cope with mental health issues.', 'gardening', 1),
('c1900000-0000-0000-0000-000000000909', 'b1900000-0000-0000-0000-000000000091', 9, 'fill_blank', '[Complete the summary. Choose ONE WORD ONLY from the passage.] Studies have also shown that the availability of green spaces can prevent physical problems such as ___ (9).', 'obesity', 1),
-- PASSAGE 1: Q10-11 choose TWO letters A-E
('c1900000-0000-0000-0000-000000000910', 'b1900000-0000-0000-0000-000000000091', 10, 'multiple_choice', '[Choose TWO letters, A–E. IN EITHER ORDER] Which TWO advantages of using newer buildings for green roofs are mentioned in Paragraph C? A) a longer growing season for edible produce B) more economical use of water C) greater water-storage capacity D) ability to cultivate more plant types E) a large surface area for growing plants', 'C', 1),
('c1900000-0000-0000-0000-000000000911', 'b1900000-0000-0000-0000-000000000091', 11, 'multiple_choice', '[Choose TWO letters, A–E. IN EITHER ORDER — second answer] Which TWO advantages of using newer buildings for green roofs are mentioned in Paragraph C? A) a longer growing season for edible produce B) more economical use of water C) greater water-storage capacity D) ability to cultivate more plant types E) a large surface area for growing plants', 'D', 1),
-- PASSAGE 1: Q12-13 choose TWO letters A-E
('c1900000-0000-0000-0000-000000000912', 'b1900000-0000-0000-0000-000000000091', 12, 'multiple_choice', '[Choose TWO letters, A–E. IN EITHER ORDER] Which TWO aims of new variations on the concept of green roofs are mentioned in Paragraph E? A) to provide habitats for a wide range of species B) to grow plants successfully even in the wettest climates C) to regulate the temperature of the immediate environment D) to generate power from a sustainable source E) to collect water to supply other buildings', 'A', 1),
('c1900000-0000-0000-0000-000000000913', 'b1900000-0000-0000-0000-000000000091', 13, 'multiple_choice', '[Choose TWO letters, A–E. IN EITHER ORDER — second answer] Which TWO aims of new variations on the concept of green roofs are mentioned in Paragraph E? A) to provide habitats for a wide range of species B) to grow plants successfully even in the wettest climates C) to regulate the temperature of the immediate environment D) to generate power from a sustainable source E) to collect water to supply other buildings', 'D', 1),
-- PASSAGE 2: Q14-16 multiple choice
('c1900000-0000-0000-0000-000000000914', 'b1900000-0000-0000-0000-000000000092', 14, 'multiple_choice', 'What can we learn from the first paragraph? A) where the notion of innate intelligence first began B) when ideas about the nature of intelligence began to shift C) how scientists have responded to changing views of intelligence D) why thinkers turned away from the idea of intelligence being fixed', 'B', 1),
('c1900000-0000-0000-0000-000000000915', 'b1900000-0000-0000-0000-000000000092', 15, 'multiple_choice', 'The second paragraph describes how schools encourage students to A) identify their personal ambitions. B) help each other to realise their goals. C) have confidence in their potential to succeed. D) concentrate on where their particular strengths lie.', 'C', 1),
('c1900000-0000-0000-0000-000000000916', 'b1900000-0000-0000-0000-000000000092', 16, 'multiple_choice', 'In the third paragraph, the writer suggests that students with a fixed mindset A) tend to be less competitive. B) generally have a low sense of self-esteem. C) will only work hard if they are given constant encouragement. D) are afraid to push themselves beyond what they see as their limitations.', 'D', 1),
-- PASSAGE 2: Q17-22 matching people A-E
('c1900000-0000-0000-0000-000000000917', 'b1900000-0000-0000-0000-000000000092', 17, 'matching', '[Match each statement with the correct person: A=Alfred Binet B=Carol Dweck C=Andrew Gelman D=Timothy Bates E=David Yeager and Gregory Walton. NB You may use any letter more than once.] The methodology behind the growth mindset studies was not strict enough.', 'C', 1),
('c1900000-0000-0000-0000-000000000918', 'b1900000-0000-0000-0000-000000000092', 18, 'matching', '[Match each statement with the correct person: A=Alfred Binet B=Carol Dweck C=Andrew Gelman D=Timothy Bates E=David Yeager and Gregory Walton. NB You may use any letter more than once.] The idea of the growth mindset has been incorrectly interpreted.', 'B', 1),
('c1900000-0000-0000-0000-000000000919', 'b1900000-0000-0000-0000-000000000092', 19, 'matching', '[Match each statement with the correct person: A=Alfred Binet B=Carol Dweck C=Andrew Gelman D=Timothy Bates E=David Yeager and Gregory Walton. NB You may use any letter more than once.] Intellectual ability is an unchangeable feature of each individual.', 'A', 1),
('c1900000-0000-0000-0000-000000000920', 'b1900000-0000-0000-0000-000000000092', 20, 'matching', '[Match each statement with the correct person: A=Alfred Binet B=Carol Dweck C=Andrew Gelman D=Timothy Bates E=David Yeager and Gregory Walton. NB You may use any letter more than once.] The growth mindset should be promoted without students being aware of it.', 'E', 1),
('c1900000-0000-0000-0000-000000000921', 'b1900000-0000-0000-0000-000000000092', 21, 'matching', '[Match each statement with the correct person: A=Alfred Binet B=Carol Dweck C=Andrew Gelman D=Timothy Bates E=David Yeager and Gregory Walton. NB You may use any letter more than once.] The growth mindset is not simply about boosting students'' morale.', 'B', 1),
('c1900000-0000-0000-0000-000000000922', 'b1900000-0000-0000-0000-000000000092', 22, 'matching', '[Match each statement with the correct person: A=Alfred Binet B=Carol Dweck C=Andrew Gelman D=Timothy Bates E=David Yeager and Gregory Walton. NB You may use any letter more than once.] Research shows that the growth mindset has no effect on academic achievement.', 'D', 1),
-- PASSAGE 2: Q23-26 YES/NO/NOT GIVEN
('c1900000-0000-0000-0000-000000000923', 'b1900000-0000-0000-0000-000000000092', 23, 'true_false', '[Do the following statements agree with the views of the writer? Write YES if agrees, NO if contradicts, NOT GIVEN if impossible to say.] Dweck has handled criticisms of her work in an admirable way.', 'YES', 1),
('c1900000-0000-0000-0000-000000000924', 'b1900000-0000-0000-0000-000000000092', 24, 'true_false', '[Do the following statements agree with the views of the writer? Write YES if agrees, NO if contradicts, NOT GIVEN if impossible to say.] Students'' self-perception is a more effective driver of self-confidence than actual achievement is.', 'NO', 1),
('c1900000-0000-0000-0000-000000000925', 'b1900000-0000-0000-0000-000000000092', 25, 'true_false', '[Do the following statements agree with the views of the writer? Write YES if agrees, NO if contradicts, NOT GIVEN if impossible to say.] Recent evidence about growth mindset interventions has attracted unfair coverage in the media.', 'NOT GIVEN', 1),
('c1900000-0000-0000-0000-000000000926', 'b1900000-0000-0000-0000-000000000092', 26, 'true_false', '[Do the following statements agree with the views of the writer? Write YES if agrees, NO if contradicts, NOT GIVEN if impossible to say.] Deliberate attempts to encourage students to strive for high achievement may have a negative effect.', 'YES', 1),
-- PASSAGE 3: Q27-30 YES/NO/NOT GIVEN
('c1900000-0000-0000-0000-000000000927', 'b1900000-0000-0000-0000-000000000093', 27, 'true_false', '[Do the following statements agree with the claims of the writer? Write YES if agrees, NO if contradicts, NOT GIVEN if impossible to say.] Wegener''s ideas about continental drift were widely disputed while he was alive.', 'YES', 1),
('c1900000-0000-0000-0000-000000000928', 'b1900000-0000-0000-0000-000000000093', 28, 'true_false', '[Do the following statements agree with the claims of the writer? Write YES if agrees, NO if contradicts, NOT GIVEN if impossible to say.] The idea that the continents remained fixed in place was defended in a number of respected scientific publications.', 'NOT GIVEN', 1),
('c1900000-0000-0000-0000-000000000929', 'b1900000-0000-0000-0000-000000000093', 29, 'true_false', '[Do the following statements agree with the claims of the writer? Write YES if agrees, NO if contradicts, NOT GIVEN if impossible to say.] Wegener relied on a limited range of scientific fields to support his theory of continental drift.', 'NO', 1),
('c1900000-0000-0000-0000-000000000930', 'b1900000-0000-0000-0000-000000000093', 30, 'true_false', '[Do the following statements agree with the claims of the writer? Write YES if agrees, NO if contradicts, NOT GIVEN if impossible to say.] The similarities between Wegener''s theory of continental drift and modern-day plate tectonics are enormous.', 'NO', 1),
-- PASSAGE 3: Q31-36 matching phrases A-J — "Wegener''s life and work"
('c1900000-0000-0000-0000-000000000931', 'b1900000-0000-0000-0000-000000000093', 31, 'matching', '[Complete the summary using the list of phrases A–J. Write the correct letter, A–J. Phrases: A=modest fame B=vast range C=record-breaking achievement D=research methods E=select group F=professional interests G=scientific debate H=hazardous exploration I=biographer''s perspective J=narrow investigation] One of the remarkable things about Wegener from a ___ (31) is that although he proposed a theory of continental drift, he was not a geologist.', 'I', 1),
('c1900000-0000-0000-0000-000000000932', 'b1900000-0000-0000-0000-000000000093', 32, 'matching', '[Complete the summary using the list of phrases A–J. Write the correct letter, A–J. Phrases: A=modest fame B=vast range C=record-breaking achievement D=research methods E=select group F=professional interests G=scientific debate H=hazardous exploration I=biographer''s perspective J=narrow investigation] His ___ (32) were limited to atmospheric physics.', 'F', 1),
('c1900000-0000-0000-0000-000000000933', 'b1900000-0000-0000-0000-000000000093', 33, 'matching', '[Complete the summary using the list of phrases A–J. Write the correct letter, A–J. Phrases: A=modest fame B=vast range C=record-breaking achievement D=research methods E=select group F=professional interests G=scientific debate H=hazardous exploration I=biographer''s perspective J=narrow investigation] At the time he proposed his theory of continental drift in 1912, he was already a person of ___ (33).', 'A', 1),
('c1900000-0000-0000-0000-000000000934', 'b1900000-0000-0000-0000-000000000093', 34, 'matching', '[Complete the summary using the list of phrases A–J. Write the correct letter, A–J. Phrases: A=modest fame B=vast range C=record-breaking achievement D=research methods E=select group F=professional interests G=scientific debate H=hazardous exploration I=biographer''s perspective J=narrow investigation] Six years previously, there had been his ___ (34) of 52 hours in a hot-air balloon.', 'C', 1),
('c1900000-0000-0000-0000-000000000935', 'b1900000-0000-0000-0000-000000000093', 35, 'matching', '[Complete the summary using the list of phrases A–J. Write the correct letter, A–J. Phrases: A=modest fame B=vast range C=record-breaking achievement D=research methods E=select group F=professional interests G=scientific debate H=hazardous exploration I=biographer''s perspective J=narrow investigation] followed by his well-publicised but ___ (35) of Greenland''s coast.', 'H', 1),
('c1900000-0000-0000-0000-000000000936', 'b1900000-0000-0000-0000-000000000093', 36, 'matching', '[Complete the summary using the list of phrases A–J. Write the correct letter, A–J. Phrases: A=modest fame B=vast range C=record-breaking achievement D=research methods E=select group F=professional interests G=scientific debate H=hazardous exploration I=biographer''s perspective J=narrow investigation] With the publication of his textbook on thermodynamics, he had also come to the attention of a ___ (36) of German scientists.', 'E', 1),
-- PASSAGE 3: Q37-40 multiple choice
('c1900000-0000-0000-0000-000000000937', 'b1900000-0000-0000-0000-000000000093', 37, 'multiple_choice', 'What is Mott T Greene doing in the fifth paragraph? A) describing what motivated him to write the book B) explaining why it is desirable to read the whole book C) suggesting why Wegener pursued so many different careers D) indicating what aspects of Wegener''s life interested him most', 'B', 1),
('c1900000-0000-0000-0000-000000000938', 'b1900000-0000-0000-0000-000000000093', 38, 'multiple_choice', 'What is said about Wegener in the sixth paragraph? A) He was not a particularly ambitious person. B) He kept a record of all his scientific observations. C) He did not adopt many of the scientific practices of the time. D) He enjoyed discussing new discoveries with other scientists.', 'A', 1),
('c1900000-0000-0000-0000-000000000939', 'b1900000-0000-0000-0000-000000000093', 39, 'multiple_choice', 'What does Greene say about some other famous scientists? A) Their published works had a greater impact than Wegener''s did. B) They had fewer doubts about their scientific ideas than Wegener did. C) Their scientific ideas were more controversial than Wegener''s. D) They are easier subjects to write about than Wegener.', 'D', 1),
('c1900000-0000-0000-0000-000000000940', 'b1900000-0000-0000-0000-000000000093', 40, 'multiple_choice', 'What is Greene''s main point in the final paragraph? A) It is not enough in life to have good intentions. B) People need to plan carefully if they want to succeed. C) People have little control over many aspects of their lives. D) It is important that people ensure they have the freedom to act.', 'C', 1);

-- ============================================================
-- Cambridge IELTS 18 Academic — Reading Test 1 (Test 10 on site)
-- ============================================================

INSERT INTO tests (id, title, type, book_number, test_number, difficulty) VALUES
  ('a1800000-0000-0000-0000-000000000010', 'Cambridge IELTS 18 — Reading Test 10', 'reading', 18, 10, 'medium');

INSERT INTO test_sections (id, test_id, section_number, title, instructions) VALUES
(
  'b1800000-0000-0000-0000-000000000101',
  'a1800000-0000-0000-0000-000000000010',
  1,
  'The development of the London underground railway',
  'PASSAGE 1: The development of the London underground railway

You should spend about 20 minutes on Questions 1–13, which are based on Reading Passage 1 below.

In the first half of the 1800s, London''s population grew at an astonishing rate, and the central area became increasingly congested. In addition, the expansion of the overground railway network resulted in more and more passengers arriving in the capital. However, in 1846, a Royal Commission decided that the railways should not be allowed to enter the City, the capital''s historic and business centre. The result was that the overground railway stations formed a ring around the City. The area within consisted of poorly built, overcrowded slums and the streets were full of horse-drawn traffic. Crossing the City became a nightmare. It could take an hour and a half to travel 8 km by horse-drawn carriage or bus. Numerous schemes were proposed to resolve these problems, but few succeeded.

Amongst the most vocal advocates for a solution to London''s traffic problems was Charles Pearson, who worked as a solicitor for the City of London. He saw both social and economic advantages in building an underground railway that would link the overground railway stations together and clear London slums at the same time. His idea was to relocate the poor workers who lived in the inner-city slums to newly constructed suburbs, and to provide cheap rail travel for them to get to work. Pearson''s ideas gained support amongst some businessmen and in 1851 he submitted a plan to Parliament. It was rejected, but coincided with a proposal from another group for an underground connecting line, which Parliament passed.

The two groups merged and established the Metropolitan Railway Company in August 1854. The company''s plan was to construct an underground railway line from the Great Western Railway''s (GWR) station at Paddington to the edge of the City at Farringdon Street – a distance of almost 5 km. The organisation had difficulty in raising the funding for such a radical and expensive scheme, not least because of the critical articles printed by the press. Objectors argued that the tunnels would collapse under the weight of traffic overhead, buildings would be shaken and passengers would be poisoned by the emissions from the train engines. However, Pearson and his partners persisted.

The GWR, aware that the new line would finally enable them to run trains into the heart of the City, invested almost £250,000 in the scheme. Eventually, over a five-year period, £1m was raised. The chosen route ran beneath existing main roads to minimise the expense of demolishing buildings. Originally scheduled to be completed in 21 months, the construction of the underground line took three years. It was built just below street level using a technique known as ''cut and cover''. A trench about ten metres wide and six metres deep was dug, and the sides temporarily held up with timber beams. Brick walls were then constructed, and finally a brick arch was added to create a tunnel. A two-metre-deep layer of soil was laid on top of the tunnel and the road above rebuilt.

The Metropolitan line, which opened on 10 January 1863, was the world''s first underground railway. On its first day, almost 40,000 passengers were carried between Paddington and Farringdon, the journey taking about 18 minutes. By the end of the Metropolitan''s first year of operation, 9.5 million journeys had been made.

Even as the Metropolitan began operation, the first extensions to the line were being authorised; these were built over the next five years, reaching Moorgate in the east of London and Hammersmith in the west. The original plan was to pull the trains with steam locomotives, using firebricks in the boilers to provide steam, but these engines were never introduced. Instead, the line used specially designed locomotives that were fitted with water tanks in which steam could be condensed. However, smoke and fumes remained a problem, even though ventilation shafts were added to the tunnels.

Despite the extension of the underground railway, by the 1880s, congestion on London''s streets had become worse. The problem was partly that the existing underground lines formed a circuit around the centre of London and extended to the suburbs, but did not cross the capital''s centre. The ''cut and cover'' method of construction was not an option in this part of the capital. The only alternative was to tunnel deep underground.

Although the technology to create these tunnels existed, steam locomotives could not be used in such a confined space. It wasn''t until the development of a reliable electric motor, and a means of transferring power from the generator to a moving train, that the world''s first deep-level electric railway, the City & South London, became possible. The line opened in 1890, and ran from the City to Stockwell, south of the River Thames. The trains were made up of three carriages and driven by electric engines. The carriages were narrow and had tiny windows just below the roof because it was thought that passengers would not want to look out at the tunnel walls. The line was not without its problems, mainly caused by an unreliable power supply. Although the City & South London Railway was a great technical achievement, it did not make a profit. Then, in 1900, the Central London Railway, known as the ''Tuppenny Tube'', began operation using new electric locomotives. It was very popular and soon new railways and extensions were added to the growing tube network. By 1907, the heart of today''s Underground system was in place.'
),
(
  'b1800000-0000-0000-0000-000000000102',
  'a1800000-0000-0000-0000-000000000010',
  2,
  'Stadiums: past, present and future',
  'PASSAGE 2: Stadiums: past, present and future

You should spend about 20 minutes on Questions 14–26, which are based on Reading Passage 2 below.

A  Stadiums are among the oldest forms of urban architecture: vast stadiums where the public could watch sporting events were at the centre of western city life as far back as the ancient Greek and Roman Empires, well before the construction of the great medieval cathedrals and the grand 19th- and 20th-century railway stations which dominated urban skylines in later eras.

Today, however, stadiums are regarded with growing scepticism. Construction costs can soar above £1 billion, and stadiums finished for major events such as the Olympic Games or the FIFA World Cup have notably fallen into disuse and disrepair.

But this need not be the case. History shows that stadiums can drive urban development and adapt to the culture of every age. Even today, architects and planners are finding new ways to adapt the mono-functional sports arenas which became emblematic of modernisation during the 20th century.

B  The amphitheatre of Arles in southwest France, with a capacity of 25,000 spectators, is perhaps the best example of just how versatile stadiums can be. Built by the Romans in 90 AD, it became a fortress with four towers after the fifth century, and was then transformed into a village containing more than 200 houses. With the growing interest in conservation during the 19th century, it was converted back into an arena for the staging of bullfights, thereby returning the structure to its original use as a venue for public spectacles.

Another example is the imposing arena of Verona in northern Italy, with space for 30,000 spectators, which was built 60 years before the Arles amphitheatre and 40 years before Rome''s famous Colosseum. It has endured the centuries and is currently considered one of the world''s prime sites for opera, thanks to its outstanding acoustics.

C  The area in the centre of the Italian town of Lucca, known as the Piazza dell''Anfiteatro, is yet another impressive example of an amphitheatre becoming absorbed into the fabric of the city. The site evolved in a similar way to Arles and was progressively filled with buildings from the Middle Ages until the 19th century, variously used as houses, a salt depot and a prison. But rather than reverting to an arena, it became a market square, designed by Romanticist architect Lorenzo Nottolini. Today, the ruins of the amphitheatre remain embedded in the various shops and residences surrounding the public square.

D  There are many similarities between modern stadiums and the ancient amphitheatres intended for games. But some of the flexibility was lost at the beginning of the 20th century, as stadiums were developed using new products such as steel and reinforced concrete, and made use of bright lights for night-time matches.

Many such stadiums are situated in suburban areas, designed for sporting use only and surrounded by parking lots. These factors mean that they may not be as accessible to the general public, require more energy to run and contribute to urban heat.

E  But many of today''s most innovative architects see scope for the stadium to help improve the city. Among the current strategies, two seem to be having particular success: the stadium as an urban hub, and as a power plant.

There''s a growing trend for stadiums to be equipped with public spaces and services that serve a function beyond sport, such as hotels, retail outlets, conference centres, restaurants and bars, children''s playgrounds and green space. Creating mixed-use developments such as this reinforces compactness and multi-functionality, making more efficient use of land and helping to regenerate urban spaces.

This opens the space up to families and a wider cross-section of society, instead of catering only to sportspeople and supporters. There have been many examples of this in the UK: the mixed-use facilities at Wembley and Old Trafford have become a blueprint for many other stadiums in the world.

F  The phenomenon of stadiums as power stations has arisen from the idea that energy problems can be overcome by integrating interconnected buildings by means of a smart grid, which is an electricity supply network that uses digital communications technology to detect and react to local changes in usage, without significant energy losses. Stadiums are ideal for these purposes, because their canopies have a large surface area for fitting photovoltaic panels and rise high enough (more than 40 metres) to make use of micro wind turbines.

Freiburg Mage Solar Stadium in Germany is the first of a new wave of stadiums as power plants, which also includes the Amsterdam Arena and the Kaohsiung Stadium. The latter, inaugurated in 2009, has 8,844 photovoltaic panels producing up to 1.14 GWh of electricity annually. This reduces the annual output of carbon dioxide by 660 tons and supplies up to 80 percent of the surrounding area when the stadium is not in use. This is proof that a stadium can serve its city, and have a decidedly positive impact in terms of reduction of CO2 emissions.

G  Sporting arenas have always been central to the life and culture of cities. In every era, the stadium has acquired new value and uses: from military fortress to residential village, public space to theatre and most recently a field for experimentation in advanced engineering. The stadium of today now brings together multiple functions, thus helping cities to create a sustainable future.'
),
(
  'b1800000-0000-0000-0000-000000000103',
  'a1800000-0000-0000-0000-000000000010',
  3,
  'To catch a king',
  'PASSAGE 3: To catch a king

You should spend about 20 minutes on Questions 27–40, which are based on Reading Passage 3 below.

Anna Keay reviews Charles Spencer''s book about the hunt for King Charles II during the English Civil War of the seventeenth century

Charles Spencer''s latest book, To Catch a King, tells us the story of the hunt for King Charles II in the six weeks after his resounding defeat at the Battle of Worcester in September 1651. And what a story it is. After his father was executed by the Parliamentarians in 1649, the young Charles II sacrificed one of the very principles his father had died for and did a deal with the Scots, thereby accepting Presbyterianism as the national religion in return for being crowned King of Scots. His arrival in Edinburgh prompted the English Parliamentary army to invade Scotland in a pre-emptive strike. This was followed by a Scottish invasion of England. The two sides finally faced one another at Worcester in the west of England in 1651. After being comprehensively defeated on the meadows outside the city by the Parliamentarian army, the 21-year-old king found himself the subject of a national manhunt, with a huge sum offered for his capture. Over the following six weeks he managed, through a series of heart-poundingly close escapes, to evade the Parliamentarians before seeking refuge in France. For the next nine years, the penniless and defeated Charles wandered around Europe with only a small group of loyal supporters.

Years later, after his restoration as king, the 50-year-old Charles II requested a meeting with the writer and diarist Samuel Pepys. His intention when asking Pepys to commit his story to paper was to ensure that this most extraordinary episode was never forgotten. Over two three-hour sittings, the king related to him in great detail his personal recollections of the six weeks he had spent as a fugitive. As the king and secretary settled down (a scene that is surely a gift for a future scriptwriter), Charles commenced his story: ''After the battle was so absolutely lost as to be beyond hope of recovery, I began to think of the best way of saving myself.''

One of the joys of Spencer''s book, a result not least of its use of Charles II''s own narrative as well as those of his supporters, is just how close the reader gets to the action. The day-by-day retelling of the fugitives'' doings provides delicious details: the cutting of the king''s long hair with agricultural shears, the use of walnut leaves to dye his pale skin, and the day Charles spent lying on a branch of the great oak tree in Boscobel Wood as the Parliamentary soldiers scoured the forest floor below. Spencer draws out both the humour – such as the preposterous refusal of Charles''s friend Henry Wilmot to adopt disguise on the grounds that it was beneath his dignity – and the emotional tension when the secret of the king''s presence was cautiously revealed to his supporters.

Charles''s adventures after losing the Battle of Worcester hide the uncomfortable truth that whilst almost everyone in England had been appalled by the execution of his father, they had not welcomed the arrival of his son with the Scots army, but had instead firmly bolted their doors. This was partly because he rode at the head of what looked like a foreign invasion force and partly because, after almost a decade of civil war, people were desperate to avoid it beginning again. This makes it all the more interesting that Charles II himself loved the story so much ever after. As well as retelling it to anyone who would listen, causing eye-rolling among courtiers, he set in train a series of initiatives to memorialise it. There was to be a new order of chivalry, the Knights of the Royal Oak. A series of enormous oil paintings depicting the episode were produced, including a two-metre-wide canvas of Boscobel Wood and a set of six similarly enormous paintings of the king on the run. In 1660, Charles II commissioned the artist John Michael Wright to paint a flying squadron of cherubs carrying an oak tree to the heavens on the ceiling of his bedchamber. It is hard to imagine many other kings marking the lowest point in their life so enthusiastically, or indeed pulling off such an escape in the first place.

Charles Spencer is the perfect person to pass the story on to a new generation. His pacey, readable prose steers deftly clear of modern idioms and elegantly brings to life the details of the great tale. He has even-handed sympathy for both the fugitive king and the fierce republican regime that hunted him, and he succeeds in his desire to explore far more of the background of the story than previous books on the subject have done. Indeed, the opening third of the book is about how Charles II found himself at Worcester in the first place, which for some will be reason alone to read To Catch a King.

The tantalising question left, in the end, is that of what it all meant. Would Charles II have been a different king had these six weeks never happened? The days and nights spent in hiding must have affected him in some way. Did the need to assume disguises, to survive on wit and charm alone, to use trickery and subterfuge to escape from tight corners help form him? This is the one area where the book doesn''t quite hit the mark. Instead its depiction of Charles II in his final years as an ineffective, pleasure-loving monarch doesn''t do justice to the man (neither is it accurate), or to the complexity of his character. But this one niggle aside, To Catch a King is an excellent read, and those who come to it knowing little of the famous tale will find they have a treat in store.'
);

INSERT INTO questions (id, section_id, question_number, question_type, question_text, correct_answer, points) VALUES
-- PASSAGE 1: Q1-6 fill blank ONE WORD ONLY — "The London underground railway"
('c1800000-0000-0000-0000-000000001001', 'b1800000-0000-0000-0000-000000000101', 1, 'fill_blank', '[Complete the notes. Choose ONE WORD ONLY from the passage.] The ___ (1) of London increased rapidly between 1800 and 1850.', 'population', 1),
('c1800000-0000-0000-0000-000000001002', 'b1800000-0000-0000-0000-000000000101', 2, 'fill_blank', '[Complete the notes. Choose ONE WORD ONLY from the passage.] Building the railway would make it possible to move people to better housing in the ___ (2).', 'suburbs', 1),
('c1800000-0000-0000-0000-000000001003', 'b1800000-0000-0000-0000-000000000101', 3, 'fill_blank', '[Complete the notes. Choose ONE WORD ONLY from the passage.] A number of ___ (3) agreed with Pearson''s idea.', 'businessmen', 1),
('c1800000-0000-0000-0000-000000001004', 'b1800000-0000-0000-0000-000000000101', 4, 'fill_blank', '[Complete the notes. Choose ONE WORD ONLY from the passage.] The company initially had problems getting the ___ (4) needed for the project.', 'funding', 1),
('c1800000-0000-0000-0000-000000001005', 'b1800000-0000-0000-0000-000000000101', 5, 'fill_blank', '[Complete the notes. Choose ONE WORD ONLY from the passage.] Negative articles about the project appeared in the ___ (5).', 'press', 1),
('c1800000-0000-0000-0000-000000001006', 'b1800000-0000-0000-0000-000000000101', 6, 'fill_blank', '[Complete the notes. Choose ONE WORD ONLY from the passage.] With the completion of the brick arch, the tunnel was covered with ___ (6).', 'soil', 1),
-- PASSAGE 1: Q7-13 TRUE/FALSE/NOT GIVEN
('c1800000-0000-0000-0000-000000001007', 'b1800000-0000-0000-0000-000000000101', 7, 'true_false', '[Write TRUE if the statement agrees with the information, FALSE if it contradicts, NOT GIVEN if there is no information.] Other countries had built underground railways before the Metropolitan line opened.', 'FALSE', 1),
('c1800000-0000-0000-0000-000000001008', 'b1800000-0000-0000-0000-000000000101', 8, 'true_false', '[Write TRUE if the statement agrees with the information, FALSE if it contradicts, NOT GIVEN if there is no information.] More people than predicted travelled on the Metropolitan line on the first day.', 'NOT GIVEN', 1),
('c1800000-0000-0000-0000-000000001009', 'b1800000-0000-0000-0000-000000000101', 9, 'true_false', '[Write TRUE if the statement agrees with the information, FALSE if it contradicts, NOT GIVEN if there is no information.] The use of ventilation shafts failed to prevent pollution in the tunnels.', 'TRUE', 1),
('c1800000-0000-0000-0000-000000001010', 'b1800000-0000-0000-0000-000000000101', 10, 'true_false', '[Write TRUE if the statement agrees with the information, FALSE if it contradicts, NOT GIVEN if there is no information.] A different approach from the ''cut and cover'' technique was required in London''s central area.', 'TRUE', 1),
('c1800000-0000-0000-0000-000000001011', 'b1800000-0000-0000-0000-000000000101', 11, 'true_false', '[Write TRUE if the statement agrees with the information, FALSE if it contradicts, NOT GIVEN if there is no information.] The windows on City & South London trains were at eye level.', 'FALSE', 1),
('c1800000-0000-0000-0000-000000001012', 'b1800000-0000-0000-0000-000000000101', 12, 'true_false', '[Write TRUE if the statement agrees with the information, FALSE if it contradicts, NOT GIVEN if there is no information.] The City & South London Railway was a financial success.', 'FALSE', 1),
('c1800000-0000-0000-0000-000000001013', 'b1800000-0000-0000-0000-000000000101', 13, 'true_false', '[Write TRUE if the statement agrees with the information, FALSE if it contradicts, NOT GIVEN if there is no information.] Trains on the ''Tuppenny Tube'' nearly always ran on time.', 'NOT GIVEN', 1),
-- PASSAGE 2: Q14-17 matching sections A-G
('c1800000-0000-0000-0000-000000001014', 'b1800000-0000-0000-0000-000000000102', 14, 'matching', '[Reading Passage 2 has seven sections, A–G. Which section contains the following information? Write the correct letter, A–G. NB You may use any letter more than once.] a mention of negative attitudes towards stadium building projects', 'A', 1),
('c1800000-0000-0000-0000-000000001015', 'b1800000-0000-0000-0000-000000000102', 15, 'matching', '[Reading Passage 2 has seven sections, A–G. Which section contains the following information? Write the correct letter, A–G. NB You may use any letter more than once.] figures demonstrating the environmental benefits of a certain stadium', 'F', 1),
('c1800000-0000-0000-0000-000000001016', 'b1800000-0000-0000-0000-000000000102', 16, 'matching', '[Reading Passage 2 has seven sections, A–G. Which section contains the following information? Write the correct letter, A–G. NB You may use any letter more than once.] examples of the wide range of facilities available at some new stadiums', 'E', 1),
('c1800000-0000-0000-0000-000000001017', 'b1800000-0000-0000-0000-000000000102', 17, 'matching', '[Reading Passage 2 has seven sections, A–G. Which section contains the following information? Write the correct letter, A–G. NB You may use any letter more than once.] reference to the disadvantages of the stadiums built during a certain era', 'D', 1),
-- PASSAGE 2: Q18-22 fill blank ONE WORD ONLY — "Roman amphitheatres"
('c1800000-0000-0000-0000-000000001018', 'b1800000-0000-0000-0000-000000000102', 18, 'fill_blank', '[Complete the summary. Choose ONE WORD ONLY from the passage.] The Roman stadiums of Europe have proved very versatile. The amphitheatre of Arles, for example, was converted first into a ___ (18), then into a residential area and finally into an arena where spectators could watch bullfights.', 'fortress', 1),
('c1800000-0000-0000-0000-000000001019', 'b1800000-0000-0000-0000-000000000102', 19, 'fill_blank', '[Complete the summary. Choose ONE WORD ONLY from the passage.] Meanwhile, the arena in Verona, one of the oldest Roman amphitheatres, is famous today as a venue where ___ (19) is performed.', 'opera', 1),
('c1800000-0000-0000-0000-000000001020', 'b1800000-0000-0000-0000-000000000102', 20, 'fill_blank', '[Complete the summary. Choose ONE WORD ONLY from the passage.] The arena in Verona is famous today as a venue where opera is performed. The site of Lucca''s amphitheatre has also been used for many purposes over the centuries, including the storage of ___ (20).', 'salt', 1),
('c1800000-0000-0000-0000-000000001021', 'b1800000-0000-0000-0000-000000000102', 21, 'fill_blank', '[Complete the summary. Choose ONE WORD ONLY from the passage.] The site of Lucca''s amphitheatre has also been used for many purposes over the centuries, including the storage of salt. It is now a market square with ___ (21) and homes incorporated into the remains of the Roman amphitheatre.', 'shops', 1),
('c1800000-0000-0000-0000-000000001022', 'b1800000-0000-0000-0000-000000000102', 22, 'fill_blank', '[Complete the summary. Choose ONE WORD ONLY from the passage.] It is now a market square with shops and ___ (22) incorporated into the remains of the Roman amphitheatre.', 'homes', 1),
-- PASSAGE 2: Q23-24 choose TWO letters A-E
('c1800000-0000-0000-0000-000000001023', 'b1800000-0000-0000-0000-000000000102', 23, 'multiple_choice', '[Choose TWO letters, A–E. IN EITHER ORDER] When comparing twentieth-century stadiums to ancient amphitheatres in Section D, which TWO negative features does the writer mention? A) They are less imaginatively designed. B) They are less spacious. C) They are in less convenient locations. D) They are less versatile. E) They are made of less durable materials.', 'C', 1),
('c1800000-0000-0000-0000-000000001024', 'b1800000-0000-0000-0000-000000000102', 24, 'multiple_choice', '[Choose TWO letters, A–E. IN EITHER ORDER — second answer] When comparing twentieth-century stadiums to ancient amphitheatres in Section D, which TWO negative features does the writer mention? A) They are less imaginatively designed. B) They are less spacious. C) They are in less convenient locations. D) They are less versatile. E) They are made of less durable materials.', 'D', 1),
-- PASSAGE 2: Q25-26 choose TWO letters A-E
('c1800000-0000-0000-0000-000000001025', 'b1800000-0000-0000-0000-000000000102', 25, 'multiple_choice', '[Choose TWO letters, A–E. IN EITHER ORDER] Which TWO advantages of modern stadium design does the writer mention? A) offering improved amenities for the enjoyment of sports events B) bringing community life back into the city environment C) facilitating research into solar and wind energy solutions D) enabling local residents to reduce their consumption of electricity E) providing a suitable site for the installation of renewable power generators', 'B', 1),
('c1800000-0000-0000-0000-000000001026', 'b1800000-0000-0000-0000-000000000102', 26, 'multiple_choice', '[Choose TWO letters, A–E. IN EITHER ORDER — second answer] Which TWO advantages of modern stadium design does the writer mention? A) offering improved amenities for the enjoyment of sports events B) bringing community life back into the city environment C) facilitating research into solar and wind energy solutions D) enabling local residents to reduce their consumption of electricity E) providing a suitable site for the installation of renewable power generators', 'E', 1),
-- PASSAGE 3: Q27-31 matching phrases A-J — "The story behind the hunt for Charles II"
('c1800000-0000-0000-0000-000000001027', 'b1800000-0000-0000-0000-000000000103', 27, 'matching', '[Complete the summary using the list of phrases A–J. Write the correct letter, A–J. Phrases: A=military innovation B=large reward C=widespread conspiracy D=relative safety E=new government F=decisive victory G=political debate H=strategic alliance I=popular solution J=religious conviction] Charles II then formed a ___ (27) with the Scots.', 'H', 1),
('c1800000-0000-0000-0000-000000001028', 'b1800000-0000-0000-0000-000000000103', 28, 'matching', '[Complete the summary using the list of phrases A–J. Write the correct letter, A–J. Phrases: A=military innovation B=large reward C=widespread conspiracy D=relative safety E=new government F=decisive victory G=political debate H=strategic alliance I=popular solution J=religious conviction] in order to become King of Scots, he abandoned an important ___ (28) that was held by his father.', 'J', 1),
('c1800000-0000-0000-0000-000000001029', 'b1800000-0000-0000-0000-000000000103', 29, 'matching', '[Complete the summary using the list of phrases A–J. Write the correct letter, A–J. Phrases: A=military innovation B=large reward C=widespread conspiracy D=relative safety E=new government F=decisive victory G=political debate H=strategic alliance I=popular solution J=religious conviction] The battle led to a ___ (29) for the Parliamentarians and Charles had to flee for his life.', 'F', 1),
('c1800000-0000-0000-0000-000000001030', 'b1800000-0000-0000-0000-000000000103', 30, 'matching', '[Complete the summary using the list of phrases A–J. Write the correct letter, A–J. Phrases: A=military innovation B=large reward C=widespread conspiracy D=relative safety E=new government F=decisive victory G=political debate H=strategic alliance I=popular solution J=religious conviction] A ___ (30) was offered for Charles''s capture.', 'B', 1),
('c1800000-0000-0000-0000-000000001031', 'b1800000-0000-0000-0000-000000000103', 31, 'matching', '[Complete the summary using the list of phrases A–J. Write the correct letter, A–J. Phrases: A=military innovation B=large reward C=widespread conspiracy D=relative safety E=new government F=decisive victory G=political debate H=strategic alliance I=popular solution J=religious conviction] after six weeks spent in hiding, he eventually managed to reach the ___ (31) of continental Europe.', 'D', 1),
-- PASSAGE 3: Q32-35 YES/NO/NOT GIVEN
('c1800000-0000-0000-0000-000000001032', 'b1800000-0000-0000-0000-000000000103', 32, 'true_false', '[Do the following statements agree with the claims of the writer? Write YES if agrees, NO if contradicts, NOT GIVEN if impossible to say.] Charles chose Pepys for the task because he considered him to be trustworthy.', 'NOT GIVEN', 1),
('c1800000-0000-0000-0000-000000001033', 'b1800000-0000-0000-0000-000000000103', 33, 'true_false', '[Do the following statements agree with the claims of the writer? Write YES if agrees, NO if contradicts, NOT GIVEN if impossible to say.] Charles''s personal recollection of the escape lacked sufficient detail.', 'NO', 1),
('c1800000-0000-0000-0000-000000001034', 'b1800000-0000-0000-0000-000000000103', 34, 'true_false', '[Do the following statements agree with the claims of the writer? Write YES if agrees, NO if contradicts, NOT GIVEN if impossible to say.] Charles indicated to Pepys that he had planned his escape before the battle.', 'NO', 1),
('c1800000-0000-0000-0000-000000001035', 'b1800000-0000-0000-0000-000000000103', 35, 'true_false', '[Do the following statements agree with the claims of the writer? Write YES if agrees, NO if contradicts, NOT GIVEN if impossible to say.] The inclusion of Charles''s account is a positive aspect of the book.', 'YES', 1),
-- PASSAGE 3: Q36-40 multiple choice
('c1800000-0000-0000-0000-000000001036', 'b1800000-0000-0000-0000-000000000103', 36, 'multiple_choice', 'What is the reviewer''s main purpose in the first paragraph? A) to describe what happened during the Battle of Worcester B) to give an account of the circumstances leading to Charles II''s escape C) to provide details of the Parliamentarians'' political views D) to compare Charles II''s beliefs with those of his father', 'B', 1),
('c1800000-0000-0000-0000-000000001037', 'b1800000-0000-0000-0000-000000000103', 37, 'multiple_choice', 'Why does the reviewer include examples of the fugitives'' behaviour in the third paragraph? A) to explain how close Charles II came to losing his life B) to suggest that Charles II''s supporters were badly prepared C) to illustrate how the events of the six weeks are brought to life D) to argue that certain aspects are not as well known as they should be', 'C', 1),
('c1800000-0000-0000-0000-000000001038', 'b1800000-0000-0000-0000-000000000103', 38, 'multiple_choice', 'What point does the reviewer make about Charles II in the fourth paragraph? A) He chose to celebrate what was essentially a defeat. B) He misunderstood the motives of his opponents. C) He aimed to restore people''s faith in the monarchy. D) He was driven by a desire to be popular.', 'A', 1),
('c1800000-0000-0000-0000-000000001039', 'b1800000-0000-0000-0000-000000000103', 39, 'multiple_choice', 'What does the reviewer say about Charles Spencer in the fifth paragraph? A) His decision to write the book comes as a surprise. B) He takes an unbiased approach to the subject matter. C) His descriptions of events would be better if they included more detail. D) He chooses language that is suitable for a twenty-first-century audience.', 'B', 1),
('c1800000-0000-0000-0000-000000001040', 'b1800000-0000-0000-0000-000000000103', 40, 'multiple_choice', 'When the reviewer says the book ''doesn''t quite hit the mark'', she is making the point that A) it overlooks the impact of events on ordinary people. B) it lacks an analysis of prevalent views on monarchy. C) it omits any references to the deceit practised by Charles II during his time in hiding. D) it fails to address whether Charles II''s experiences had a lasting influence on him.', 'D', 1);