-- ============================================================
-- IELTS Reading — Practice Test 1 Seed Data
-- supabase/seed_reading.sql
-- ============================================================

-- Extend constraint to add matching_headings
ALTER TABLE questions DROP CONSTRAINT IF EXISTS questions_question_type_check;
ALTER TABLE questions ADD CONSTRAINT questions_question_type_check
  CHECK (question_type IN ('multiple_choice', 'fill_blank', 'matching', 'true_false', 'matching_headings'));

-- ── TEST ──────────────────────────────────────────────────────

INSERT INTO tests (id, title, type, book_number, test_number, difficulty) VALUES
  ('a1000000-0000-0000-0000-000000000001', 'Cambridge IELTS 1 — Reading Test 1', 'reading', 1, 1, 'medium');

-- ── SECTIONS ──────────────────────────────────────────────────

INSERT INTO test_sections (id, test_id, section_number, title, instructions) VALUES
('b1000000-0000-0000-0000-000000000001', 'a1000000-0000-0000-0000-000000000001', 1, 'A spark, a flint: How fire leapt to life', 'PASSAGE 1: A spark, a flint: How fire leapt to life\n\nYou should spend about 20 minutes on Questions 1-15.\n\nThe control of fire was the first and perhaps greatest of humanity''s steps towards a life-enhancing technology.\n\nTo early man, fire was a divine gift randomly delivered in the form of lightning, forest fire or burning lava. Unable to make flame for themselves, the earliest peoples probably stored fire by keeping slow burning logs alight or by carrying charcoal in pots.\n\nHow and where man learnt how to produce flame at will is unknown. It was probably a secondary invention, accidentally made during tool-making operations with wood or stone. Studies of primitive societies suggest that the earliest method of making fire was through friction. European peasants would insert a wooden drill in a round hole and rotate it briskly between their palms.\n\nThe Ancient Greeks used lenses or concave mirrors to concentrate the sun''s rays and burning glasses were also used by Mexican Aztecs and the Chinese.\n\nPercussion methods of fire-lighting date back to Paleolithic times, when some Stone Age tool-makers discovered that chipping flints produced sparks. The technique became more efficient after the discovery of iron, about 5000 years ago. In Arctic North America, the Eskimos produced a slow-burning spark by striking quartz against iron pyrites. The Chinese lit their fires by striking porcelain with bamboo. In Europe, the combination of steel, flint and tinder remained the main method of fire-lighting until the mid 19th century.\n\nFire-lighting was revolutionised by the discovery of phosphorus, isolated in 1669 by a German alchemist. Several 17th century chemists used it to manufacture fire-lighting devices, but the results were dangerously inflammable.\n\nThe quest for a practical match really began after 1781 when a group of French chemists came up with the Ethereal Match, a sealed glass tube containing a twist of paper tipped with phosphorus. When the tube was broken, air rushed in, causing the phosphorus to self-combust.\n\nThe first matches resembling those used today were made in 1827 by John Walker, an English pharmacist. Congreves were splints coated with sulphur and tipped with potassium chlorate.\n\nWalker never patented his invention, and three years later it was copied by Samuel Jones, who marketed his product as Lucifers. Charles Sauria produced the first strike-anywhere match by substituting white phosphorus for the potassium chlorate. However, since white phosphorus is a deadly poison, from 1845 match-makers succumbed to necrosis. It was not until 1906 that the substance was eventually banned.\n\nJ E Lundstrom''s safety matches used non-toxic red phosphorus painted on to the striking surface.\n\nIn 1892 the Diamond Match Company pioneered book matches. Today book matches are the most widely used type in the US. Other American innovations include the waterproof match, which lights after eight hours in water.'),
('b1000000-0000-0000-0000-000000000002', 'a1000000-0000-0000-0000-000000000001', 2, 'Zoo conservation programmes', 'PASSAGE 2: Zoo conservation programmes\n\nYou should spend about 20 minutes on Questions 16-28.\n\nOne of London Zoo''s recent advertisements caused me some irritation, so patently did it distort reality. It went on to extol the myth that without zoos these animals will almost certainly disappear forever.\n\nZoos were originally created as places of entertainment, and their suggested involvement with conservation did not seriously arise until about 30 years ago. This commitment has now been clearly defined in The World Zoo Conservation Strategy (WZCS, September 1993).\n\nThe WZCS estimates that there are about 10,000 zoos in the world, of which around 1,000 represent a core of quality collections. This is probably the document''s first failing, as I believe that 10,000 is a serious underestimate of the total number of places masquerading as zoological establishments.\n\nThe second flaw is the naive faith it places in its 1,000 core zoos. One would assume that the calibre of these institutions would have been carefully examined, but it appears that the criterion for inclusion might merely be zoo federation membership. The American Association of Zoological Parks and Aquariums (AAZPA) has had extremely dubious members. Robin Hill Adventure Park on the Isle of Wight was finally closed down following a damning report by a veterinary inspector.\n\nColin Tudge argues that if the world''s zoos worked together in co-operative breeding programmes, they could save around 2,000 species of endangered land vertebrates. This seems extremely optimistic.\n\nToday approximately 16 species might be said to have been saved by captive breeding programmes. Given that the international conference at London Zoo was held 30 years ago, this is pretty slow progress.'),
('b1000000-0000-0000-0000-000000000003', 'a1000000-0000-0000-0000-000000000001', 3, 'Architecture — Reaching for the Sky', 'PASSAGE 3: Architecture — Reaching for the Sky\n\nYou should spend about 20 minutes on Questions 29-40.\n\nArchitecture is the art and science of designing buildings and structures. The origins of modern architecture can be traced back to the social and technological changes of the 18th and 19th centuries. Instead of using timber, stone and traditional building techniques, architects began to explore ways of using steel, glass and reinforced concrete. Such rapid and uncontrolled growth helped to turn parts of cities into slums.\n\nBy the 1920s architects throughout Europe were reacting against the conditions created by industrialisation. A new style known as Modernism emerged. By the 1930s many buildings were designed in the International Style — characterised by bold use of new materials and simple, geometric forms, often with white walls supported by stilt-like pillars. Walter Gropius, Le Corbusier and Ludwig Mies van der Rohe were among the most influential architects.\n\nUnfortunately, Modernist interest in geometric simplicity became exploited for profit. The ability to prefabricate building sections led to many badly designed buildings, which discredited the original aims of Modernism.\n\nEvery large British city built multi-storey housing estates in the 1960s. But far from meeting human needs, the new estates proved to be windswept deserts. Many have since been demolished.\n\nBy the 1970s, a new respect for historic buildings arose. Preservation grew common. The High Tech style celebrated engineering achievements — examples are Stansted airport and the Lloyd''s building in London.\n\nBy the 1980s the coexistence of different styles became known as Post Modern. The trend now favours smaller scale building design reflecting environmental awareness.\n\nTwentieth century architecture will mainly be remembered for its tall buildings, made possible by light steel frames and safe passenger lifts.');

-- ── QUESTIONS ─────────────────────────────────────────────────

INSERT INTO questions (id, section_id, question_number, question_type, question_text, correct_answer, points) VALUES
('c1000000-0000-0000-0000-000000000001', 'b1000000-0000-0000-0000-000000000001', 1, 'fill_blank', '[Complete the summary. Choose from: Mexicans / random / rotating / despite / preserve / realising / sunlight / lacking / heavenly / percussion / chance / friction / unaware / without / make / heating / Eskimos / surprised / until / smoke] Primitive societies tried to ___ (1) burning logs or charcoal', 'preserve', 1),
('c1000000-0000-0000-0000-000000000002', 'b1000000-0000-0000-0000-000000000001', 2, 'fill_blank', '[Complete the summary. Choose from: Mexicans / random / rotating / despite / preserve / realising / sunlight / lacking / heavenly / percussion / chance / friction / unaware / without / make / heating / Eskimos / surprised / until / smoke] They stored fire ___ (2) that they could not create fire themselves.', 'unaware', 1),
('c1000000-0000-0000-0000-000000000003', 'b1000000-0000-0000-0000-000000000001', 3, 'fill_blank', '[Complete the summary. Choose from: Mexicans / random / rotating / despite / preserve / realising / sunlight / lacking / heavenly / percussion / chance / friction / unaware / without / make / heating / Eskimos / surprised / until / smoke] First man-made flames were produced by ___ (3)', 'chance', 1),
('c1000000-0000-0000-0000-000000000004', 'b1000000-0000-0000-0000-000000000001', 4, 'fill_blank', '[Complete the summary. Choose from: Mexicans / random / rotating / despite / preserve / realising / sunlight / lacking / heavenly / percussion / chance / friction / unaware / without / make / heating / Eskimos / surprised / until / smoke] The first methods involved creating ___ (4)', 'friction', 1),
('c1000000-0000-0000-0000-000000000005', 'b1000000-0000-0000-0000-000000000001', 5, 'fill_blank', '[Complete the summary. Choose from: Mexicans / random / rotating / despite / preserve / realising / sunlight / lacking / heavenly / percussion / chance / friction / unaware / without / make / heating / Eskimos / surprised / until / smoke] For example, rapidly ___ (5) a wooden stick in a round hole.', 'rotating', 1),
('c1000000-0000-0000-0000-000000000006', 'b1000000-0000-0000-0000-000000000001', 6, 'fill_blank', '[Complete the summary. Choose from: Mexicans / random / rotating / despite / preserve / realising / sunlight / lacking / heavenly / percussion / chance / friction / unaware / without / make / heating / Eskimos / surprised / until / smoke] The use of ___ (6) or persistent chipping was also widespread.', 'percussion', 1),
('c1000000-0000-0000-0000-000000000007', 'b1000000-0000-0000-0000-000000000001', 7, 'fill_blank', '[Complete the summary. Choose from: Mexicans / random / rotating / despite / preserve / realising / sunlight / lacking / heavenly / percussion / chance / friction / unaware / without / make / heating / Eskimos / surprised / until / smoke] Used by the Chinese and ___ (7)', 'Eskimos', 1),
('c1000000-0000-0000-0000-000000000008', 'b1000000-0000-0000-0000-000000000001', 8, 'fill_blank', '[Complete the summary. Choose from: Mexicans / random / rotating / despite / preserve / realising / sunlight / lacking / heavenly / percussion / chance / friction / unaware / without / make / heating / Eskimos / surprised / until / smoke] Continued until the 1850s ___ (8) the discovery of phosphorus.', 'despite', 1),
('c1000000-0000-0000-0000-000000000009', 'b1000000-0000-0000-0000-000000000001', 9, 'matching', '[Match to: A=Ethereal Match B=Instantaneous Lightbox C=Congreves D=Lucifers E=first strike-anywhere match F=Lundstrom safety match G=book matches H=waterproof matches] made using a less poisonous type of phosphorus', 'F', 1),
('c1000000-0000-0000-0000-000000000010', 'b1000000-0000-0000-0000-000000000001', 10, 'matching', '[Match to: A=Ethereal Match B=Instantaneous Lightbox C=Congreves D=Lucifers E=first strike-anywhere match F=Lundstrom safety match G=book matches H=waterproof matches] identical to a previous type of match', 'D', 1),
('c1000000-0000-0000-0000-000000000011', 'b1000000-0000-0000-0000-000000000001', 11, 'matching', '[Match to: A=Ethereal Match B=Instantaneous Lightbox C=Congreves D=Lucifers E=first strike-anywhere match F=Lundstrom safety match G=book matches H=waterproof matches] caused a deadly illness', 'E', 1),
('c1000000-0000-0000-0000-000000000012', 'b1000000-0000-0000-0000-000000000001', 12, 'matching', '[Match to: A=Ethereal Match B=Instantaneous Lightbox C=Congreves D=Lucifers E=first strike-anywhere match F=Lundstrom safety match G=book matches H=waterproof matches] first to look like modern matches', 'C', 1),
('c1000000-0000-0000-0000-000000000013', 'b1000000-0000-0000-0000-000000000001', 13, 'matching', '[Match to: A=Ethereal Match B=Instantaneous Lightbox C=Congreves D=Lucifers E=first strike-anywhere match F=Lundstrom safety match G=book matches H=waterproof matches] first matches used for advertising', 'G', 1),
('c1000000-0000-0000-0000-000000000014', 'b1000000-0000-0000-0000-000000000001', 14, 'matching', '[Match to: A=Ethereal Match B=Instantaneous Lightbox C=Congreves D=Lucifers E=first strike-anywhere match F=Lundstrom safety match G=book matches H=waterproof matches] relied on an airtight glass container', 'A', 1),
('c1000000-0000-0000-0000-000000000015', 'b1000000-0000-0000-0000-000000000001', 15, 'matching', '[Match to: A=Ethereal Match B=Instantaneous Lightbox C=Congreves D=Lucifers E=first strike-anywhere match F=Lundstrom safety match G=book matches H=waterproof matches] used a formula from a military source', 'C', 1),
('c1000000-0000-0000-0000-000000000016', 'b1000000-0000-0000-0000-000000000002', 16, 'true_false', '[Write YES / NO / NOT GIVEN] London Zoo''''s advertisements are dishonest.', 'YES', 1),
('c1000000-0000-0000-0000-000000000017', 'b1000000-0000-0000-0000-000000000002', 17, 'true_false', '[Write YES / NO / NOT GIVEN] Zoos made an insignificant contribution to conservation up until 30 years ago.', 'YES', 1),
('c1000000-0000-0000-0000-000000000018', 'b1000000-0000-0000-0000-000000000002', 18, 'true_false', '[Write YES / NO / NOT GIVEN] The WZCS document is not known in Eastern Europe.', 'NOT GIVEN', 1),
('c1000000-0000-0000-0000-000000000019', 'b1000000-0000-0000-0000-000000000002', 19, 'true_false', '[Write YES / NO / NOT GIVEN] Zoos in the WZCS select list were carefully inspected.', 'NO', 1),
('c1000000-0000-0000-0000-000000000020', 'b1000000-0000-0000-0000-000000000002', 20, 'true_false', '[Write YES / NO / NOT GIVEN] No-one knew how animals were treated at Robin Hill Adventure Park.', 'NO', 1),
('c1000000-0000-0000-0000-000000000021', 'b1000000-0000-0000-0000-000000000002', 21, 'true_false', '[Write YES / NO / NOT GIVEN] Colin Tudge was dissatisfied with treatment of animals at London Zoo.', 'NOT GIVEN', 1),
('c1000000-0000-0000-0000-000000000022', 'b1000000-0000-0000-0000-000000000002', 22, 'true_false', '[Write YES / NO / NOT GIVEN] The number of successful zoo conservation programmes is unsatisfactory.', 'YES', 1),
('c1000000-0000-0000-0000-000000000023', 'b1000000-0000-0000-0000-000000000002', 23, 'multiple_choice', 'What were the objectives of the WZCS document? A) improve calibre of zoos world-wide B) identify zoos suitable for conservation C) provide funds for zoos in underdeveloped countries D) list endangered species of the world', 'B', 1),
('c1000000-0000-0000-0000-000000000024', 'b1000000-0000-0000-0000-000000000002', 24, 'multiple_choice', 'Why does the writer refer to Robin Hill Adventure Park? A) to support the Isle of Wight local council B) to criticise the UK Zoo Licensing Act C) to illustrate a weakness in the WZCS document D) to exemplify standards in AAZPA zoos', 'C', 1),
('c1000000-0000-0000-0000-000000000025', 'b1000000-0000-0000-0000-000000000002', 25, 'multiple_choice', 'What word best describes the writer''''s response to Colin Tudge''''s prediction? A) disbelieving B) impartial C) prejudiced D) accepting', 'A', 1),
('c1000000-0000-0000-0000-000000000026', 'b1000000-0000-0000-0000-000000000002', 26, 'multiple_choice', 'Which THREE factors lead the writer to doubt the WZCS document? A) number of unregistered zoos B) lack of money in developing countries C) actions of Isle of Wight council D) failure to examine core zoo standards E) unrealistic aim given species saved to date F) policies of WZCS zoo managers', 'A', 1),
('c1000000-0000-0000-0000-000000000027', 'b1000000-0000-0000-0000-000000000002', 27, 'multiple_choice', 'Which THREE factors lead the writer to doubt the WZCS document? A) number of unregistered zoos B) lack of money in developing countries C) actions of Isle of Wight council D) failure to examine core zoo standards E) unrealistic aim given species saved to date F) policies of WZCS zoo managers', 'D', 1),
('c1000000-0000-0000-0000-000000000028', 'b1000000-0000-0000-0000-000000000002', 28, 'multiple_choice', 'Which THREE factors lead the writer to doubt the WZCS document? A) number of unregistered zoos B) lack of money in developing countries C) actions of Isle of Wight council D) failure to examine core zoo standards E) unrealistic aim given species saved to date F) policies of WZCS zoo managers', 'E', 1),
('c1000000-0000-0000-0000-000000000029', 'b1000000-0000-0000-0000-000000000003', 29, 'fill_blank', '[Complete the table. Write NO MORE THAN THREE WORDS for each answer.] Before 18th century — Materials: ___ (29)', 'timber and stone', 1),
('c1000000-0000-0000-0000-000000000030', 'b1000000-0000-0000-0000-000000000003', 30, 'fill_blank', '[Complete the table. Write NO MORE THAN THREE WORDS for each answer.] 1920s — Style: ___ (30)', 'Modernism', 1),
('c1000000-0000-0000-0000-000000000031', 'b1000000-0000-0000-0000-000000000003', 31, 'fill_blank', '[Complete the table. Write NO MORE THAN THREE WORDS for each answer.] 1930s-1950s — Style: ___ (31)', 'International style', 1),
('c1000000-0000-0000-0000-000000000032', 'b1000000-0000-0000-0000-000000000003', 32, 'fill_blank', '[Complete the table. Write NO MORE THAN THREE WORDS for each answer.] 1960s — Result: ___ (32)', 'badly designed buildings', 1),
('c1000000-0000-0000-0000-000000000033', 'b1000000-0000-0000-0000-000000000003', 33, 'fill_blank', '[Complete the table. Write NO MORE THAN THREE WORDS for each answer.] 1970s — Trend: ___ (33) of historic buildings', 'preservation', 1),
('c1000000-0000-0000-0000-000000000034', 'b1000000-0000-0000-0000-000000000003', 34, 'fill_blank', '[Complete the table. Write NO MORE THAN THREE WORDS for each answer.] 1970s — Style: ___ (34) era begins', 'High-Tech', 1),
('c1000000-0000-0000-0000-000000000035', 'b1000000-0000-0000-0000-000000000003', 35, 'fill_blank', '[Complete the table. Write NO MORE THAN THREE WORDS for each answer.] 1980s — Style: ___ (35)', 'co-existence of styles', 1),
('c1000000-0000-0000-0000-000000000036', 'b1000000-0000-0000-0000-000000000003', 36, 'matching', '[Match each Cause with its Effect. A=quality of life improved B=architecture reflects the age C=buildings knocked down D=light steel frames and lifts developed E=historical buildings preserved F=all decoration removed G=parts of cities become slums H=Modernist ideas delayed until second half of 20th century] Rapid movement of people from rural areas to cities triggered by technological advance.', 'G', 1),
('c1000000-0000-0000-0000-000000000037', 'b1000000-0000-0000-0000-000000000003', 37, 'matching', '[Match each Cause with its Effect. A=quality of life improved B=architecture reflects the age C=buildings knocked down D=light steel frames and lifts developed E=historical buildings preserved F=all decoration removed G=parts of cities become slums H=Modernist ideas delayed until second half of 20th century] Buildings become simple and functional.', 'F', 1),
('c1000000-0000-0000-0000-000000000038', 'b1000000-0000-0000-0000-000000000003', 38, 'matching', '[Match each Cause with its Effect. A=quality of life improved B=architecture reflects the age C=buildings knocked down D=light steel frames and lifts developed E=historical buildings preserved F=all decoration removed G=parts of cities become slums H=Modernist ideas delayed until second half of 20th century] An economic depression and the second world war hit Europe.', 'H', 1),
('c1000000-0000-0000-0000-000000000039', 'b1000000-0000-0000-0000-000000000003', 39, 'matching', '[Match each Cause with its Effect. A=quality of life improved B=architecture reflects the age C=buildings knocked down D=light steel frames and lifts developed E=historical buildings preserved F=all decoration removed G=parts of cities become slums H=Modernist ideas delayed until second half of 20th century] Multi-storey housing estates built according to contemporary ideas on town planning.', 'C', 1),
('c1000000-0000-0000-0000-000000000040', 'b1000000-0000-0000-0000-000000000003', 40, 'matching', '[Match each Cause with its Effect. A=quality of life improved B=architecture reflects the age C=buildings knocked down D=light steel frames and lifts developed E=historical buildings preserved F=all decoration removed G=parts of cities become slums H=Modernist ideas delayed until second half of 20th century] Less land must be used for building.', 'D', 1);

-- ============================================================
-- Cambridge IELTS 19 Academic — Reading Test 1
-- ============================================================

INSERT INTO tests (id, title, type, book_number, test_number, difficulty) VALUES
  ('a1900000-0000-0000-0000-000000000001', 'Cambridge IELTS 19 — Reading Test 1', 'reading', 19, 1, 'medium');

INSERT INTO test_sections (id, test_id, section_number, title, instructions) VALUES
(
  'b1900000-0000-0000-0000-000000000001',
  'a1900000-0000-0000-0000-000000000001',
  1,
  'How tennis rackets have changed',
  'PASSAGE 1: How tennis rackets have changed\n\nYou should spend about 20 minutes on Questions 1-13.\n\nIn 2016, the British professional tennis player Andy Murray was ranked as the world''s number one. It was an incredible achievement by any standard - made even more remarkable by the fact that he did this during a period considered to be one of the strongest in the sport''s history, competing against the likes of Rafael Nadal, Roger Federer and Novak Djokovic, to name just a few. Yet five years previously, he had been regarded as a talented outsider who entered but never won the major tournaments.\n\nOf the changes that account for this transformation, one was visible and widely publicised: in 2011, Murray invited former number one player Ivan Lendl onto his coaching team - a valuable addition that had a visible impact on the player''s playing style. Another change was so subtle as to pass more or less unnoticed. Like many players, Murray has long preferred a racket that consists of two types of string: one for the mains (verticals) and another for the crosses (horizontals). While he continued to use natural string in the crosses, in 2012 he switched to a synthetic string for the mains. A small change, perhaps, but its importance should not be underestimated.\n\nThe modification that Murray made is just one of a number of options available to players looking to tweak their rackets in order to improve their games. Touring professionals have their rackets customised to their specific needs, says Colin Triplow, a UK-based professional racket stringer. It''s a highly important part of performance maximisation. Consequently, the specific rackets used by the world''s elite are not actually readily available to the public; rather, each racket is individually made to suit the player who uses it. Take the US professional tennis players Mike and Bob Bryan: We''re very particular with our racket specifications, they say. All our rackets are sent from our manufacturer to Tampa, Florida, where our frames go through a thorough customisation process. They explain how they have adjusted not only racket length, but even experimented with different kinds of paint. The rackets they use now weigh more than the average model and also have a denser string pattern.\n\nThe primary reason for these modifications is simple: as the line between winning and losing becomes thinner and thinner, even these slight changes become more and more important. As a result, players and their teams are becoming increasingly creative with the modifications to their rackets as they look to maximise their competitive advantage.\n\nRacket modifications mainly date back to the 1970s, when the amateur German tennis player Werner Fischer started playing with the so-called spaghetti-strung racket. It created a string bed that generated so much topspin that it was quickly banned by the International Tennis Federation. However, within a decade or two, racket modification became a regularity. Today it is, in many ways, an aspect of the game that is equal in significance to nutrition or training.\n\nModifications can be divided into two categories: those to the string bed and those to the racket frame. The former is far more common than the latter: the choice of the strings and the tension with which they are installed is something that nearly all professional players experiment with. They will continually change it depending on various factors including the court surface, climatic conditions, and game styles.\n\nAt one time, all tennis rackets were strung with natural gut made from the outer layer of sheep or cow intestines. This all changed in the early 1990s with the development of synthetic strings that were cheaper and more durable. They are made from three materials: nylon, Kevlar or co-polyester. Of the synthetics, co-polyester is by far the most widely used. Studies indicate that the average spin from a co-polyester string is 25% greater than that from natural string or other synthetics.\n\nHowever, many players go beyond these basic adjustments to the strings and make changes to the racket frame itself. For example, much of the serving power of US professional player Pete Sampras was attributed to the addition of four to five lead weights onto his rackets.\n\nOther changes to the frame involve the handle. Players have individual preferences for the shape of the handle and some will have the handle of one racket moulded onto the frame of a different racket. The professional Portuguese player Goncalo Oliveira replaced the original grips of his rackets with something thinner because they had previously felt uncomfortable to hold.\n\nRacket customisation and modification have pushed the standards of the game to greater levels that few could have anticipated in the days of natural strings and heavy, wooden frames.'
),
(
  'b1900000-0000-0000-0000-000000000002',
  'a1900000-0000-0000-0000-000000000001',
  2,
  'The pirates of the ancient Mediterranean',
  'PASSAGE 2: The pirates of the ancient Mediterranean\n\nYou should spend about 20 minutes on Questions 14-26.\n\nIn the first and second millennia BCE, pirates sailed around the Mediterranean, attacking ships and avoiding pursuers.\n\nA  When one mentions pirates, an image springs to most people''s minds of a crew of misfits, daredevils and adventurers in command of a tall sailing ship in the Caribbean Sea. Yet from the first to the third millennium BCE, thousands of years before these swashbucklers began spreading fear across the Caribbean, pirates prowled the Mediterranean, raiding merchant ships and threatening vital trade routes. However, despite all efforts and the might of various ancient states, piracy could not be stopped. Only when the pirates directly threatened the interests of ancient Rome did the Roman Republic organise a massive fleet to eliminate piracy. Under the command of the Roman general Pompey, Rome eradicated piracy, transforming the Mediterranean into Mare Nostrum (Our Sea).\n\nB  Although piracy in the Mediterranean is first recorded in ancient Egypt during the reign of Pharaoh Amenhotep III (c 1390-1353 BCE), it is reasonable to assume it predated this powerful civilisation. This is partly due to the great importance the Mediterranean held at this time, and partly due to its geography. While the Mediterranean region is predominantly fertile, some parts are rugged and hilly, even mountainous. In the ancient times, the inhabitants of these areas relied heavily on marine resources. Most had their own boats, possessed good seafaring skills, and unsurpassed knowledge of the local coastline and sailing routes. Thus, it is not surprising that during hardships, these men turned to piracy. Before the invention of ocean-going caravels in the 15th century, ships could not easily cross long distances over open water. Thus, in the ancient world most were restricted to a few well-known navigable routes that followed the coastline. Caught in a trap, a slow merchant ship laden with goods had no other option but to surrender.\n\nC  One should also add that it was not unknown in the first and second millennia BCE for governments to resort to pirates'' services, especially during wartime, employing their skills and numbers against their opponents. A pirate fleet would serve in the first wave of attack, preparing the way for the navy. Some of the regions were known for providing safe harbours to pirates, who, in return, boosted the local economy.\n\nD  The first known record of a named group of Mediterranean pirates, made during the rule of ancient Egyptian Pharaoh Akhenaten (c 1353-1336 BCE), was in the Amarna Letters. These were extracts of diplomatic correspondence between the pharaoh and his allies. It seems the pharaoh was troubled by two distinct pirate groups, the Lukka and the Sherden. Despite the Egyptian fleet''s best efforts, the pirates continued to cause substantial disruption to regional commerce. In the letters, the king of Alashiya (modern Cyprus) rejected Akhenaten''s claims of a connection with the Lukka. The king assured Akhenaten he was prepared to punish any of his subjects involved in piracy.\n\nE  The ancient Greek world''s experience of piracy was different from that of Egyptian rulers. The ancient Greek historian Thucydides glorified pirates'' daring attacks on ships or even cities. For Greeks, piracy was a part of everyday life. Even high-ranking members of the state were not beyond engaging in such activities. According to the Greek orator Demosthenes, in 355 BCE, Athenian ambassadors made a detour from their official travel to capture a ship sailing from Egypt. The Greeks'' liberal approach towards piracy does not mean they always tolerated it, but attempts to curtail piracy were hampered by the large number of pirates operating in the Mediterranean.\n\nF  The rising power of ancient Rome required the Roman Republic to deal with piracy in the Mediterranean. While piracy was a serious issue for the Republic, Rome profited greatly from its existence. Pirate raids provided a steady source of slaves, essential for Rome''s agriculture and mining industries. But this arrangement could work only while the pirates left Roman interests alone. Pirate attacks on grain ships led to angry voices in the Senate. By the 1st century BCE, emboldened pirates kidnapped prominent Roman dignitaries, asking for a large ransom to be paid. Their most famous hostage was none other than Julius Caesar, captured in 75 BCE.\n\nG  By now, Rome was well aware that pirates had outlived their usefulness. In 67 BCE, a new law granted Pompey vast funds to combat the Mediterranean menace. Pompey divided the entire Mediterranean into 13 districts, assigning a fleet and commander to each. After cleansing one district of pirates, the fleet would join another in the next district. Although thousands of pirates died at the hands of Pompey''s troops, as a long-term solution to the problem, many more were offered land in fertile areas located far from the sea. Instead of a maritime menace, Rome got productive farmers that further boosted its economy.'
),
(
  'b1900000-0000-0000-0000-000000000003',
  'a1900000-0000-0000-0000-000000000001',
  3,
  'The persistence and peril of misinformation',
  'PASSAGE 3: The persistence and peril of misinformation\n\nYou should spend about 20 minutes on Questions 27-40.\n\nBrian Southwell looks at how human brains verify information and discusses some of the challenges of battling widespread falsehoods.\n\nMisinformation - both deliberately promoted and accidentally shared - is perhaps an inevitable part of the world in which we live, but it is not a new problem. People likely have lied to one another for roughly as long as verbal communication has existed. Deceiving others can offer an apparent opportunity to gain strategic advantage, to motivate others to action, or even to protect interpersonal bonds. Moreover, people inadvertently have been sharing inaccurate information with one another for thousands of years.\n\nHowever, we currently live in an era in which technology enables information to reach large audiences distributed across the globe, and thus the potential for immediate and widespread effects from misinformation now looms larger than in the past. Yet the means to correct misinformation might, over time, be found in those same patterns of mass communication and of the facilitated spread of information.\n\nThe main worry regarding misinformation is its potential to unduly influence attitudes and behavior, leading people to think and act differently than they would if they were correctly informed. In other words, we worry that misinformation might lead people to hold misperceptions (or false beliefs) and that these misperceptions, especially when they occur among large groups of people, may have detrimental, downstream consequences for health, social harmony, and the political climate.\n\nAt least three observations related to misinformation in the contemporary mass-media environment warrant the attention of researchers, policy makers, and really everyone who watches television, listens to the radio, or reads information online. First of all, people who encounter misinformation tend to believe it, at least initially. Secondly, electronic and print media often do not block many types of misinformation before it appears in content available to large audiences. Thirdly, countering misinformation once it has enjoyed wide exposure can be a resource-intensive effort.\n\nKnowing what happens when people initially encounter misinformation holds tremendous importance for estimating the potential for subsequent problems. The dilemma is neatly summarized by a contrast between how the 17th-century philosophers Rene Descartes and Baruch Spinoza described human information engagement, with conflicting predictions that only recently have been empirically tested in robust ways. Descartes argued that a person only accepts or rejects information after considering its truth or falsehood; Spinoza argued that people accept all encountered information by default and then subsequently verify or reject it. Recent empirical evidence has supported Spinoza''s account: people appear to encode all new information as if it were true, even if only momentarily, and later tag the information as being either true or false.\n\nWhat about our second observation that misinformation often can appear in electronic or print media without being preemptively blocked? Regulatory agencies here tend to focus on post hoc detection of broadcast information. The FDA oversees direct-to-consumer prescription drug advertising and has developed mechanisms such as the Bad Ad program, through which people can report advertising in apparent violation of FDA guidelines on drug risks. Such programs, although laudable and useful, do not keep false advertising off the airwaves. In addition, even misinformation that is successfully corrected can continue to affect attitudes.\n\nThis leads us to our third observation: a campaign to correct misinformation, even if rhetorically compelling, requires resources and planning to accomplish necessary reach and frequency. For corrective campaigns to be persuasive, audiences need to be able to comprehend them. That some audiences might be unaware of the potential for misinformation also suggests the utility of media literacy efforts as early as elementary school. Even with journalists and scholars pointing to the phenomenon of fake news, people do not distinguish between demonstrably false stories and those based in fact when scanning and processing written information.\n\nWe live at a time when widespread misinformation is common. Yet at this time many people also are passionately developing potential solutions and remedies. The journey forward undoubtedly will be a long and arduous one. Future remedies will require not only continued theoretical consideration but also the development and maintenance of consistent monitoring tools - and a recognition among fellow members of society that claims which find prominence in the media that are insufficiently based in scientific consensus and social reality should be countered. Misinformation arises as a result of human fallibility and human information needs. To overcome the worst effects of the phenomenon, we will need coordinated efforts over time, rather than any singular one-time panacea we could hope to offer.'
);

INSERT INTO questions (id, section_id, question_number, question_type, question_text, correct_answer, points) VALUES
-- PASSAGE 1: Q1-7 TRUE/FALSE/NOT GIVEN
('c1900000-0000-0000-0000-000000000001', 'b1900000-0000-0000-0000-000000000001', 1, 'true_false', '[Write TRUE / FALSE / NOT GIVEN] People had expected Andy Murray to become the world''s top tennis player for at least five years before 2016.', 'FALSE', 1),
('c1900000-0000-0000-0000-000000000002', 'b1900000-0000-0000-0000-000000000001', 2, 'true_false', '[Write TRUE / FALSE / NOT GIVEN] The change that Andy Murray made to his rackets attracted a lot of attention.', 'FALSE', 1),
('c1900000-0000-0000-0000-000000000003', 'b1900000-0000-0000-0000-000000000001', 3, 'true_false', '[Write TRUE / FALSE / NOT GIVEN] Most of the world''s top players take a professional racket stringer on tour with them.', 'NOT GIVEN', 1),
('c1900000-0000-0000-0000-000000000004', 'b1900000-0000-0000-0000-000000000001', 4, 'true_false', '[Write TRUE / FALSE / NOT GIVEN] Mike and Bob Bryan use rackets that are light in comparison to the majority of rackets.', 'FALSE', 1),
('c1900000-0000-0000-0000-000000000005', 'b1900000-0000-0000-0000-000000000001', 5, 'true_false', '[Write TRUE / FALSE / NOT GIVEN] Werner Fischer played with a spaghetti-strung racket that he designed himself.', 'NOT GIVEN', 1),
('c1900000-0000-0000-0000-000000000006', 'b1900000-0000-0000-0000-000000000001', 6, 'true_false', '[Write TRUE / FALSE / NOT GIVEN] The weather can affect how professional players adjust the strings on their rackets.', 'TRUE', 1),
('c1900000-0000-0000-0000-000000000007', 'b1900000-0000-0000-0000-000000000001', 7, 'true_false', '[Write TRUE / FALSE / NOT GIVEN] It was believed that the change Pete Sampras made to his rackets contributed to his strong serve.', 'TRUE', 1),
-- PASSAGE 1: Q8-13 fill_blank (note completion)
('c1900000-0000-0000-0000-000000000008', 'b1900000-0000-0000-0000-000000000001', 8, 'fill_blank', '[Complete the notes. Choose ONE WORD ONLY from the passage.] Mike and Bob Bryan made changes to the types of ___ (8) used on their racket frames.', 'paint', 1),
('c1900000-0000-0000-0000-000000000009', 'b1900000-0000-0000-0000-000000000001', 9, 'fill_blank', '[Complete the notes. Choose ONE WORD ONLY from the passage.] Players were not allowed to use the spaghetti-strung racket because of the amount of ___ (9) it created.', 'topspin', 1),
('c1900000-0000-0000-0000-000000000010', 'b1900000-0000-0000-0000-000000000001', 10, 'fill_blank', '[Complete the notes. Choose ONE WORD ONLY from the passage.] Changes to rackets can be regarded as being as important as players'' diets or the ___ (10) they do.', 'training', 1),
('c1900000-0000-0000-0000-000000000011', 'b1900000-0000-0000-0000-000000000001', 11, 'fill_blank', '[Complete the notes. Choose ONE WORD ONLY from the passage.] All rackets used to have natural strings made from the ___ (11) of animals.', 'intestines', 1),
('c1900000-0000-0000-0000-000000000012', 'b1900000-0000-0000-0000-000000000001', 12, 'fill_blank', '[Complete the notes. Choose ONE WORD ONLY from the passage.] Pete Sampras had metal ___ (12) put into the frames of his rackets.', 'weights', 1),
('c1900000-0000-0000-0000-000000000013', 'b1900000-0000-0000-0000-000000000001', 13, 'fill_blank', '[Complete the notes. Choose ONE WORD ONLY from the passage.] Goncalo Oliveira changed the ___ (13) on his racket handles.', 'grips', 1),
-- PASSAGE 2: Q14-19 matching (paragraph headings A-G)
('c1900000-0000-0000-0000-000000000014', 'b1900000-0000-0000-0000-000000000002', 14, 'matching', '[Match to paragraph: A=Caribbean pirates image B=Mediterranean geography and piracy origins C=Governments using pirates D=Amarna Letters and named pirates E=Ancient Greek attitude to piracy F=Rome and piracy G=Pompey''s campaign] a reference to a denial of involvement in piracy', 'D', 1),
('c1900000-0000-0000-0000-000000000015', 'b1900000-0000-0000-0000-000000000002', 15, 'matching', '[Match to paragraph: A=Caribbean pirates image B=Mediterranean geography and piracy origins C=Governments using pirates D=Amarna Letters and named pirates E=Ancient Greek attitude to piracy F=Rome and piracy G=Pompey''s campaign] details of how a campaign to eradicate piracy was carried out', 'G', 1),
('c1900000-0000-0000-0000-000000000016', 'b1900000-0000-0000-0000-000000000002', 16, 'matching', '[Match to paragraph: A=Caribbean pirates image B=Mediterranean geography and piracy origins C=Governments using pirates D=Amarna Letters and named pirates E=Ancient Greek attitude to piracy F=Rome and piracy G=Pompey''s campaign] a mention of the circumstances in which states in the ancient world would make use of pirates', 'C', 1),
('c1900000-0000-0000-0000-000000000017', 'b1900000-0000-0000-0000-000000000002', 17, 'matching', '[Match to paragraph: A=Caribbean pirates image B=Mediterranean geography and piracy origins C=Governments using pirates D=Amarna Letters and named pirates E=Ancient Greek attitude to piracy F=Rome and piracy G=Pompey''s campaign] a reference to how people today commonly view pirates', 'A', 1),
('c1900000-0000-0000-0000-000000000018', 'b1900000-0000-0000-0000-000000000002', 18, 'matching', '[Match to paragraph: A=Caribbean pirates image B=Mediterranean geography and piracy origins C=Governments using pirates D=Amarna Letters and named pirates E=Ancient Greek attitude to piracy F=Rome and piracy G=Pompey''s campaign] an explanation of how some people were encouraged not to return to piracy', 'G', 1),
('c1900000-0000-0000-0000-000000000019', 'b1900000-0000-0000-0000-000000000002', 19, 'matching', '[Match to paragraph: A=Caribbean pirates image B=Mediterranean geography and piracy origins C=Governments using pirates D=Amarna Letters and named pirates E=Ancient Greek attitude to piracy F=Rome and piracy G=Pompey''s campaign] a mention of the need for many sailing vessels to stay relatively close to land', 'B', 1),
-- PASSAGE 2: Q20-21 multiple choice (choose TWO)
('c1900000-0000-0000-0000-000000000020', 'b1900000-0000-0000-0000-000000000002', 20, 'multiple_choice', 'Which TWO of the following statements does the writer make about inhabitants of the Mediterranean region in the ancient world? A) They often used stolen vessels to carry out pirate attacks. B) They managed to escape capture by the authorities because they knew the area so well. C) They paid for information about the routes merchant ships would take. D) They depended more on the sea for their livelihood than on farming. E) They stored many of the goods taken in pirate attacks in coves along the coastline.', 'B', 1),
('c1900000-0000-0000-0000-000000000021', 'b1900000-0000-0000-0000-000000000002', 21, 'multiple_choice', 'Which TWO of the following statements does the writer make about inhabitants of the Mediterranean region in the ancient world? A) They often used stolen vessels to carry out pirate attacks. B) They managed to escape capture by the authorities because they knew the area so well. C) They paid for information about the routes merchant ships would take. D) They depended more on the sea for their livelihood than on farming. E) They stored many of the goods taken in pirate attacks in coves along the coastline.', 'D', 1),
-- PASSAGE 2: Q22-23 multiple choice (choose TWO)
('c1900000-0000-0000-0000-000000000022', 'b1900000-0000-0000-0000-000000000002', 22, 'multiple_choice', 'Which TWO of the following statements does the writer make about piracy and ancient Greece? A) The state estimated that very few people were involved in piracy. B) Attitudes towards piracy changed shortly after the Iliad and the Odyssey were written. C) Important officials were known to occasionally take part in piracy. D) Every citizen regarded pirate attacks on cities as unacceptable. E) A favourable view of piracy is evident in certain ancient Greek texts.', 'C', 1),
('c1900000-0000-0000-0000-000000000023', 'b1900000-0000-0000-0000-000000000002', 23, 'multiple_choice', 'Which TWO of the following statements does the writer make about piracy and ancient Greece? A) The state estimated that very few people were involved in piracy. B) Attitudes towards piracy changed shortly after the Iliad and the Odyssey were written. C) Important officials were known to occasionally take part in piracy. D) Every citizen regarded pirate attacks on cities as unacceptable. E) A favourable view of piracy is evident in certain ancient Greek texts.', 'E', 1),
-- PASSAGE 2: Q24-26 fill_blank (summary completion)
('c1900000-0000-0000-0000-000000000024', 'b1900000-0000-0000-0000-000000000002', 24, 'fill_blank', '[Complete the summary. Choose ONE WORD ONLY from the passage.] Piracy was an issue ancient Rome had to deal with, but it also brought some benefits. However, attacks on vessels transporting ___ (24) to Rome resulted in calls for punishment.', 'grain', 1),
('c1900000-0000-0000-0000-000000000025', 'b1900000-0000-0000-0000-000000000002', 25, 'fill_blank', '[Complete the summary. Choose ONE WORD ONLY from the passage.] Attacks on vessels transporting grain to Rome resulted in calls for ___ (25) for the pirates responsible.', 'punishment', 1),
('c1900000-0000-0000-0000-000000000026', 'b1900000-0000-0000-0000-000000000002', 26, 'fill_blank', '[Complete the summary. Choose ONE WORD ONLY from the passage.] Piracy continued, with some pirates demanding a ___ (26) for the return of the Roman officials they captured.', 'ransom', 1),
-- PASSAGE 3: Q27-30 multiple_choice
('c1900000-0000-0000-0000-000000000027', 'b1900000-0000-0000-0000-000000000003', 27, 'multiple_choice', 'What point does the writer make about misinformation in the first paragraph? A) Misinformation is a relatively recent phenomenon. B) Some people find it easy to identify misinformation. C) Misinformation changes as it is passed from one person to another. D) There may be a number of reasons for the spread of misinformation.', 'D', 1),
('c1900000-0000-0000-0000-000000000028', 'b1900000-0000-0000-0000-000000000003', 28, 'multiple_choice', 'What does the writer say about the role of technology? A) It may at some point provide us with a solution to misinformation. B) It could fundamentally alter the way in which people regard information. C) It has changed the way in which organisations use misinformation. D) It has made it easier for people to check whether information is accurate.', 'A', 1),
('c1900000-0000-0000-0000-000000000029', 'b1900000-0000-0000-0000-000000000003', 29, 'multiple_choice', 'What is the writer doing in the fourth paragraph? A) comparing the different opinions people have of misinformation B) explaining how the effects of misinformation have changed over time C) outlining which issues connected with misinformation are significant today D) describing the attitude of policy makers towards misinformation in the media', 'C', 1),
('c1900000-0000-0000-0000-000000000030', 'b1900000-0000-0000-0000-000000000003', 30, 'multiple_choice', 'What point does the writer make about regulation in the USA? A) The guidelines issued by the FDA need to be simplified. B) Regulation does not affect people''s opinions of new prescription drugs. C) The USA has more regulatory bodies than most other countries. D) Regulation fails to prevent misinformation from appearing in the media.', 'D', 1),
-- PASSAGE 3: Q31-36 matching (summary with phrases A-J)
('c1900000-0000-0000-0000-000000000031', 'b1900000-0000-0000-0000-000000000003', 31, 'matching', '[Match to phrase: A=constant conflict B=additional evidence C=different locations D=experimental subjects E=short period F=extreme distrust G=frequent exposure H=mental operation I=dubious reason J=different ideas] Although people have ___ (31) to misinformation, there is debate about precisely how and when we label something as true or untrue.', 'G', 1),
('c1900000-0000-0000-0000-000000000032', 'b1900000-0000-0000-0000-000000000003', 32, 'matching', '[Match to phrase: A=constant conflict B=additional evidence C=different locations D=experimental subjects E=short period F=extreme distrust G=frequent exposure H=mental operation I=dubious reason J=different ideas] The philosophers Descartes and Spinoza had ___ (32) about how people engage with information.', 'J', 1),
('c1900000-0000-0000-0000-000000000033', 'b1900000-0000-0000-0000-000000000003', 33, 'matching', '[Match to phrase: A=constant conflict B=additional evidence C=different locations D=experimental subjects E=short period F=extreme distrust G=frequent exposure H=mental operation I=dubious reason J=different ideas] Spinoza believed that a distinct ___ (33) is involved in these stages.', 'H', 1),
('c1900000-0000-0000-0000-000000000034', 'b1900000-0000-0000-0000-000000000003', 34, 'matching', '[Match to phrase: A=constant conflict B=additional evidence C=different locations D=experimental subjects E=short period F=extreme distrust G=frequent exposure H=mental operation I=dubious reason J=different ideas] Recent research has provided ___ (34) for Spinoza''s theory.', 'B', 1),
('c1900000-0000-0000-0000-000000000035', 'b1900000-0000-0000-0000-000000000003', 35, 'matching', '[Match to phrase: A=constant conflict B=additional evidence C=different locations D=experimental subjects E=short period F=extreme distrust G=frequent exposure H=mental operation I=dubious reason J=different ideas] People accept all encountered information as if it were true, even if this is for an extremely ___ (35).', 'E', 1),
('c1900000-0000-0000-0000-000000000036', 'b1900000-0000-0000-0000-000000000003', 36, 'matching', '[Match to phrase: A=constant conflict B=additional evidence C=different locations D=experimental subjects E=short period F=extreme distrust G=frequent exposure H=mental operation I=dubious reason J=different ideas] The resources for scepticism and the resources for perceiving and encoding are in ___ (36) in the brain.', 'C', 1),
-- PASSAGE 3: Q37-40 true_false (YES/NO/NOT GIVEN)
('c1900000-0000-0000-0000-000000000037', 'b1900000-0000-0000-0000-000000000003', 37, 'true_false', '[Write YES / NO / NOT GIVEN] Campaigns designed to correct misinformation will fail to achieve their purpose if people are unable to understand them.', 'YES', 1),
('c1900000-0000-0000-0000-000000000038', 'b1900000-0000-0000-0000-000000000003', 38, 'true_false', '[Write YES / NO / NOT GIVEN] Attempts to teach elementary school students about misinformation have been opposed.', 'NOT GIVEN', 1),
('c1900000-0000-0000-0000-000000000039', 'b1900000-0000-0000-0000-000000000003', 39, 'true_false', '[Write YES / NO / NOT GIVEN] It may be possible to overcome the problem of misinformation in a relatively short period.', 'NO', 1),
('c1900000-0000-0000-0000-000000000040', 'b1900000-0000-0000-0000-000000000003', 40, 'true_false', '[Write YES / NO / NOT GIVEN] The need to keep up with new information is hugely exaggerated in today''s world.', 'NOT GIVEN', 1);

-- ============================================================
-- Cambridge IELTS 19 Academic — Reading Test 2
-- ============================================================

INSERT INTO tests (id, title, type, book_number, test_number, difficulty) VALUES
  ('a1900000-0000-0000-0000-000000000002', 'Cambridge IELTS 19 — Reading Test 2', 'reading', 19, 2, 'medium');

INSERT INTO test_sections (id, test_id, section_number, title, instructions) VALUES
(
  'b1900000-0000-0000-0000-000000000004',
  'a1900000-0000-0000-0000-000000000002',
  1,
  'The Industrial Revolution in Britain',
  'PASSAGE 1: The Industrial Revolution in Britain\n\nYou should spend about 20 minutes on Questions 1-13.\n\nThe Industrial Revolution began in Britain in the mid-1700s and by the 1830s and 1840s had spread to many other parts of the world, including the United States. In Britain, it was a period when a largely rural, agrarian society was transformed into an industrialised, urban one. Goods that had once been crafted by hand started to be produced in mass quantities by machines in factories, thanks to the invention of steam power and the introduction of new machines and manufacturing techniques in textiles, iron-making and other industries.\n\nThe foundations of the Industrial Revolution date back to the early 1700s, when the English inventor Thomas Newcomen designed the first modern steam engine. Called the atmospheric steam engine, Newcomen''s invention was originally used to power machines that pumped water out of mines. In the 1760s, the Scottish engineer James Watt started to adapt one of Newcomen''s models, and succeeded in making it far more efficient. Watt later worked with the English manufacturer Matthew Boulton to invent a new steam engine driven by both the forward and backward strokes of the piston, while the gear mechanism it was connected to produced rotary motion. It was a key innovation that would allow steam power to spread across British industries.\n\nThe demand for coal, which was a relatively cheap energy source, grew rapidly during the Industrial Revolution, as it was needed to run not only the factories used to produce manufactured goods, but also steam-powered transportation. In the early 1800s, the English engineer Richard Trevithick built a steam-powered locomotive, and by 1830 goods and passengers were being transported between the industrial centres of Manchester and Liverpool. In addition, steam-powered boats and ships were widely used to carry goods along Britain''s canals as well as across the Atlantic.\n\nBritain had produced textiles like wool, linen and cotton, for hundreds of years, but prior to the Industrial Revolution, the British textile business was a true cottage industry, with the work performed in small workshops or even homes by individual spinners, weavers and dyers. Starting in the mid-1700s, innovations like the spinning jenny and the power loom made weaving cloth and spinning yarn and thread much easier. With these machines, relatively little labour was required to produce cloth, and the new, mechanised textile factories that opened around the country were quickly able to meet customer demand for cloth both at home and abroad.\n\nThe British iron industry also underwent major change as it adopted new innovations. Chief among the new techniques was the smelting of iron ore with coke instead of the traditional charcoal. This method was cheaper and produced metals that were of a higher quality, enabling Britain''s iron and steel production to expand in response to demand created by the Napoleonic Wars and the expansion of the railways from the 1830s.\n\nThe latter part of the Industrial Revolution also saw key advances in communication methods. In 1837, British inventors William Cooke and Charles Wheatstone patented the first commercial telegraphy system. Cooke and Wheatstone''s system was soon used for railway signalling in the UK. As the speed of the new locomotives increased, it was essential to have a fast and effective means of avoiding collisions.\n\nThe impact of the Industrial Revolution on people''s lives was immense. Although many people in Britain had begun moving to the cities from rural areas before the Industrial Revolution, this accelerated dramatically with industrialisation. This rapid urbanisation brought significant challenges, as overcrowded cities suffered from pollution and inadequate sanitation.\n\nAlthough industrialisation increased the country''s economic output overall, many poor people continued to struggle. Factory workers had to work long hours in dangerous conditions for extremely low wages. A group of British workers who became known as Luddites were British weavers and textile workers who objected to the increased use of mechanised looms and knitting frames. The first major instances of machine breaking took place in 1811 in the city of Nottingham. The workers wanted employers to stop installing new machinery, but the British government responded by making machine-breaking punishable by death. The unrest finally reached its peak in April 1812, when a few Luddites were shot during an attack on a mill near Huddersfield. By 1813, the Luddite resistance had all but vanished.'
),
(
  'b1900000-0000-0000-0000-000000000005',
  'a1900000-0000-0000-0000-000000000002',
  2,
  'Athletes and stress',
  'PASSAGE 2: Athletes and stress\n\nYou should spend about 20 minutes on Questions 14-26.\n\nA  It isn''t easy being a professional athlete. Not only are the physical demands greater than most people could handle, athletes also face intense psychological pressure during competition. This is something that British tennis player Emma Raducanu wrote about on social media following her withdrawal from the 2021 Wimbledon tournament. Though the young player had been doing well in the tournament, she began having difficulty regulating her breathing and heart rate during a match, which she later attributed to the accumulation of the excitement and the buzz.\n\nB  For athletes, some level of performance stress is almost unavoidable. But there are many different factors that dictate just how people''s minds and bodies respond to stressful events. Typically, stress is the result of an exchange between two factors: demands and resources. An athlete may feel stressed about an event if they feel the demands on them are greater than they can handle. These demands include the high level of physical and mental effort required to succeed, and also the athlete''s concerns about the difficulty of the event, their chance of succeeding, and any potential dangers such as injury. Resources, on the other hand, are a person''s ability to cope with these demands. These include factors such as the competitor''s degree of confidence, how much they believe they can control the situation''s outcome, and whether they''re looking forward to the event or not.\n\nC  Each new demand or change in circumstances affects whether a person responds positively or negatively to stress. Typically, the more resources a person feels they have in handling the situation, the more positive their stress response. This positive stress response is called a challenge state. But should the person feel there are too many demands placed on them, the more likely they are to experience a negative stress response - known as a threat state. Research shows that the challenge states lead to good performance, while threat states lead to poorer performance.\n\nD  Our challenge and threat responses essentially influence how our body responds to stressful situations, as both affect the production of adrenaline and cortisol - also known as stress hormones. During a challenge state, adrenaline increases the amount of blood pumped from the heart and expands the blood vessels, which allows more energy to be delivered to the muscles and brain. But during a threat state, cortisol inhibits the positive effect of adrenaline, resulting in tighter blood vessels, higher blood pressure, slower psychological responses, and a faster heart rate. In short, a threat state makes people more anxious. In tennis players, cortisol has been associated with more unsuccessful serves and greater anxiety.\n\nE  That said, anxiety is also a common experience for athletes when they''re under pressure. Anxiety can increase heart rate and perspiration, cause heart palpitations, muscle tremors and shortness of breath, as well as headaches, nausea, stomach pain, weakness and a desire to escape in more extreme cases. Anxiety can also reduce concentration and self-control and cause overthinking. Negative stress responses can be damaging to both physical and mental health - and repeated episodes of anxiety coupled with negative responses can increase risk of heart disease and depression.\n\nF  But there are many ways athletes can ensure they respond positively under pressure. Positive stress responses can be promoted through the language that they and others - such as coaches or parents - use. Psychologists can also help athletes change how they see their physiological responses - such as helping them see a higher heart rate as excitement, rather than nerves. Developing psychological skills, such as visualisation, can also help decrease physiological responses to threat. Visualisation may involve the athlete recreating a mental picture of a time when they performed well, or picturing themselves doing well in the future. Recreating competitive pressure during training can also help athletes learn how to deal with stress.'
),
(
  'b1900000-0000-0000-0000-000000000006',
  'a1900000-0000-0000-0000-000000000002',
  3,
  'An inquiry into the existence of the gifted child',
  'PASSAGE 3: An inquiry into the existence of the gifted child\n\nYou should spend about 20 minutes on Questions 27-40.\n\nLet us start by looking at a modern genius, Maryam Mirzakhani, who died at the early age of 40. She was the only woman to win the Fields Medal - the mathematical equivalent of a Nobel prize. It would be easy to assume that someone as special as Mirzakhani must have been one of those gifted children, those who have an extraordinary ability in a specific sphere of activity or knowledge. But look closer and a different story emerges. Mirzakhani was born in Tehran, Iran. She went to a highly selective girls'' school but maths wasn''t her interest - reading was. She loved novels and would read anything she could lay her hands on. As for maths, she did rather poorly at it for the first couple of years in her middle school, but became interested when her elder brother told her about what he''d learned. He shared a famous maths problem from a magazine that fascinated her - and she was hooked.\n\nIn adult life it is clear that she was curious, excited by what she did and also resolute in the face of setbacks. One of her comments sums it up: Of course, the most rewarding part is the Aha moment, the excitement of discovery and enjoyment of understanding something new... But most of the time, doing mathematics for me is like being on a long hike with no trail and no end in sight. That trail took her to the heights of original research into mathematics.\n\nIs her background unusual? Apparently not. Most Nobel prize winners were unexceptional in childhood. Einstein was slow to talk as a baby. He failed the general part of the entry test to Zurich Polytechnic - though they let him in because of high physics and maths scores. He struggled at work initially, but he kept plugging away and eventually rewrote the laws of Newtonian mechanics with his theory of relativity.\n\nThere has been a considerable amount of research on high performance over the last century that suggests it goes way beyond tested intelligence. On top of that, research is clear that brains are flexible, new neural pathways can be created, and IQ isn''t fixed. For example, just because you can read stories with hundreds of pages at the age of five doesn''t mean you will still be ahead of your contemporaries in your teens.\n\nWhile the jury is out on giftedness being innate and other factors potentially making the difference, what is certain is that the behaviours associated with high levels of performance are replicable and most can be taught - even traits such as curiosity.\n\nAccording to my colleague Prof Deborah Eyre, with whom I''ve collaborated on the book Great Minds and How to Grow Them, the latest neuroscience and psychological research suggests most individuals can reach levels of performance associated in school with the gifted and talented. However, they must be taught the right attitudes and approaches to their learning and develop the attributes of high performers - curiosity, persistence and hard work, for example - an approach Eyre calls high performance learning. Critically, they need the right support in developing those approaches at home as well as at school.\n\nProf Anders Ericsson, an eminent education psychologist at Florida State University, US, is the co-author of Peak: Secrets from the New Science of Expertise. After research going back to 1980 into diverse achievements, he doesn''t think unique and innate talents are at the heart of performance. Deliberate practice, that stretches you every step of the way, and around 10,000 hours of it, is what produces the goods.\n\nBut it is perhaps the work of Benjamin Bloom, another distinguished American educationist working in the 1980s, that gives the most pause for thought. Bloom''s team looked at a group of extraordinarily high achieving people in disciplines as varied as ballet, swimming, piano, tennis, maths, sculpture and neurology. He found a pattern of parents encouraging and supporting their children, often in areas they enjoyed themselves. Bloom''s outstanding people had worked very hard and consistently at something they had become hooked on when at a young age, and their parents all emerged as having strong work ethics themselves.\n\nEyre says we know how high performers learn. From that she has developed a high performing learning approach. Some spin-off research looked in detail at 24 of the 3,000 children being studied who were succeeding despite difficult circumstances. Half were getting free school meals because of poverty, more than half were living with a single parent, and four in five were living in disadvantaged areas. Interviews uncovered strong evidence of an adult or adults in the child''s life who valued and supported education. Children talked about the need to work hard at school, to listen in class and keep trying.\n\nLet us end with Einstein, the epitome of a genius. He clearly had curiosity, character and determination. He struggled against rejection in early life but was undeterred. He once wrote: It''s not that I''m so smart, it''s just that I stay with problems longer. Most people say it is the intellect which makes a great scientist. They are wrong: it is character.'
);

INSERT INTO questions (id, section_id, question_number, question_type, question_text, correct_answer, points) VALUES
-- PASSAGE 1: Q1-7 fill_blank (note completion)
('c1900000-0000-0000-0000-000000000041', 'b1900000-0000-0000-0000-000000000004', 1, 'fill_blank', '[Complete the notes. Choose ONE WORD ONLY from the passage.] In Watt and Boulton''s steam engine, the movement of the ___ (1) was linked to a gear system.', 'piston', 1),
('c1900000-0000-0000-0000-000000000042', 'b1900000-0000-0000-0000-000000000004', 2, 'fill_blank', '[Complete the notes. Choose ONE WORD ONLY from the passage.] A greater supply of ___ (2) was required to power steam engines.', 'coal', 1),
('c1900000-0000-0000-0000-000000000043', 'b1900000-0000-0000-0000-000000000004', 3, 'fill_blank', '[Complete the notes. Choose ONE WORD ONLY from the passage.] Before the Industrial Revolution, spinners and weavers worked at home and in ___ (3).', 'workshops', 1),
('c1900000-0000-0000-0000-000000000044', 'b1900000-0000-0000-0000-000000000004', 4, 'fill_blank', '[Complete the notes. Choose ONE WORD ONLY from the passage.] Not as much ___ (4) was needed to produce cloth once the spinning jenny and power loom were invented.', 'labour', 1),
('c1900000-0000-0000-0000-000000000045', 'b1900000-0000-0000-0000-000000000004', 5, 'fill_blank', '[Complete the notes. Choose ONE WORD ONLY from the passage.] Smelting of iron ore with coke resulted in material that was better ___ (5).', 'quality', 1),
('c1900000-0000-0000-0000-000000000046', 'b1900000-0000-0000-0000-000000000004', 6, 'fill_blank', '[Complete the notes. Choose ONE WORD ONLY from the passage.] Demand for iron increased with the growth of the ___ (6).', 'railway', 1),
('c1900000-0000-0000-0000-000000000047', 'b1900000-0000-0000-0000-000000000004', 7, 'fill_blank', '[Complete the notes. Choose ONE WORD ONLY from the passage.] The new cities were dirty, crowded and lacked sufficient ___ (7).', 'sanitation', 1),
-- PASSAGE 1: Q8-13 true_false
('c1900000-0000-0000-0000-000000000048', 'b1900000-0000-0000-0000-000000000004', 8, 'true_false', '[Write TRUE / FALSE / NOT GIVEN] Britain''s canal network grew rapidly so that more goods could be transported around the country.', 'NOT GIVEN', 1),
('c1900000-0000-0000-0000-000000000049', 'b1900000-0000-0000-0000-000000000004', 9, 'true_false', '[Write TRUE / FALSE / NOT GIVEN] Costs in the iron industry rose when the technique of smelting iron ore with coke was introduced.', 'FALSE', 1),
('c1900000-0000-0000-0000-000000000050', 'b1900000-0000-0000-0000-000000000004', 10, 'true_false', '[Write TRUE / FALSE / NOT GIVEN] Samuel Morse''s communication system was more reliable than that developed by William Cooke and Charles Wheatstone.', 'NOT GIVEN', 1),
('c1900000-0000-0000-0000-000000000051', 'b1900000-0000-0000-0000-000000000004', 11, 'true_false', '[Write TRUE / FALSE / NOT GIVEN] The economic benefits of industrialisation were limited to certain sectors of society.', 'TRUE', 1),
('c1900000-0000-0000-0000-000000000052', 'b1900000-0000-0000-0000-000000000004', 12, 'true_false', '[Write TRUE / FALSE / NOT GIVEN] Some skilled weavers believed that the introduction of the new textile machines would lead to job losses.', 'TRUE', 1),
('c1900000-0000-0000-0000-000000000053', 'b1900000-0000-0000-0000-000000000004', 13, 'true_false', '[Write TRUE / FALSE / NOT GIVEN] There was some sympathy among local people for the Luddites who were arrested near Huddersfield.', 'NOT GIVEN', 1),
-- PASSAGE 2: Q14-18 matching (paragraph A-F)
('c1900000-0000-0000-0000-000000000054', 'b1900000-0000-0000-0000-000000000005', 14, 'matching', '[Match to paragraph: A=Raducanu withdrawal B=Demands and resources C=Challenge vs threat state D=Hormones and performance E=Anxiety symptoms F=Positive stress strategies] reference to two chemical compounds which impact on performance', 'D', 1),
('c1900000-0000-0000-0000-000000000055', 'b1900000-0000-0000-0000-000000000005', 15, 'matching', '[Match to paragraph: A=Raducanu withdrawal B=Demands and resources C=Challenge vs threat state D=Hormones and performance E=Anxiety symptoms F=Positive stress strategies] examples of strategies for minimising the effects of stress', 'F', 1),
('c1900000-0000-0000-0000-000000000056', 'b1900000-0000-0000-0000-000000000005', 16, 'matching', '[Match to paragraph: A=Raducanu withdrawal B=Demands and resources C=Challenge vs threat state D=Hormones and performance E=Anxiety symptoms F=Positive stress strategies] how a sportsperson accounted for their own experience of stress', 'A', 1),
('c1900000-0000-0000-0000-000000000057', 'b1900000-0000-0000-0000-000000000005', 17, 'matching', '[Match to paragraph: A=Raducanu withdrawal B=Demands and resources C=Challenge vs threat state D=Hormones and performance E=Anxiety symptoms F=Positive stress strategies] study results indicating links between stress responses and performance', 'C', 1),
('c1900000-0000-0000-0000-000000000058', 'b1900000-0000-0000-0000-000000000005', 18, 'matching', '[Match to paragraph: A=Raducanu withdrawal B=Demands and resources C=Challenge vs threat state D=Hormones and performance E=Anxiety symptoms F=Positive stress strategies] mention of people who can influence how athletes perceive their stress responses', 'F', 1),
-- PASSAGE 2: Q19-22 fill_blank
('c1900000-0000-0000-0000-000000000059', 'b1900000-0000-0000-0000-000000000005', 19, 'fill_blank', '[Complete the sentences. Choose ONE WORD ONLY from the passage.] Performance stress involves many demands on the athlete, for example, coping with the possible risk of ___ (19).', 'injury', 1),
('c1900000-0000-0000-0000-000000000060', 'b1900000-0000-0000-0000-000000000005', 20, 'fill_blank', '[Complete the sentences. Choose ONE WORD ONLY from the passage.] Cortisol can cause tennis players to produce fewer good ___ (20).', 'serves', 1),
('c1900000-0000-0000-0000-000000000061', 'b1900000-0000-0000-0000-000000000005', 21, 'fill_blank', '[Complete the sentences. Choose ONE WORD ONLY from the passage.] Psychologists can help athletes to view their physiological responses as the effect of a positive feeling such as ___ (21).', 'excitement', 1),
('c1900000-0000-0000-0000-000000000062', 'b1900000-0000-0000-0000-000000000005', 22, 'fill_blank', '[Complete the sentences. Choose ONE WORD ONLY from the passage.] ___ (22) is an example of a psychological technique which can reduce an athlete''s stress responses.', 'Visualisation', 1),
-- PASSAGE 2: Q23-24 multiple choice (choose TWO)
('c1900000-0000-0000-0000-000000000063', 'b1900000-0000-0000-0000-000000000005', 23, 'multiple_choice', 'Which TWO facts about Emma Raducanu''s withdrawal from the Wimbledon tournament are mentioned in the text? A) the stage at which she dropped out of the tournament B) symptoms of her performance stress at the tournament C) measures which she had taken to manage her stress levels D) aspects of the Wimbledon tournament which increased her stress levels E) reactions to her social media posts about her experience at Wimbledon', 'B', 1),
('c1900000-0000-0000-0000-000000000064', 'b1900000-0000-0000-0000-000000000005', 24, 'multiple_choice', 'Which TWO facts about Emma Raducanu''s withdrawal from the Wimbledon tournament are mentioned in the text? A) the stage at which she dropped out of the tournament B) symptoms of her performance stress at the tournament C) measures which she had taken to manage her stress levels D) aspects of the Wimbledon tournament which increased her stress levels E) reactions to her social media posts about her experience at Wimbledon', 'D', 1),
-- PASSAGE 2: Q25-26 multiple choice (choose TWO)
('c1900000-0000-0000-0000-000000000065', 'b1900000-0000-0000-0000-000000000005', 25, 'multiple_choice', 'Which TWO facts about anxiety are mentioned in Paragraph E of the text? A) the factors which determine how severe it may be B) how long it takes for its effects to become apparent C) which of its symptoms is most frequently encountered D) the types of athletes who are most likely to suffer from it E) the harm that can result if athletes experience it too often', 'A', 1),
('c1900000-0000-0000-0000-000000000066', 'b1900000-0000-0000-0000-000000000005', 26, 'multiple_choice', 'Which TWO facts about anxiety are mentioned in Paragraph E of the text? A) the factors which determine how severe it may be B) how long it takes for its effects to become apparent C) which of its symptoms is most frequently encountered D) the types of athletes who are most likely to suffer from it E) the harm that can result if athletes experience it too often', 'E', 1),
-- PASSAGE 3: Q27-32 matching (phrases A-K)
('c1900000-0000-0000-0000-000000000067', 'b1900000-0000-0000-0000-000000000006', 27, 'matching', '[Match to phrase: A=appeal B=determined C=intrigued D=single E=achievement F=devoted G=involved H=unique I=innovative J=satisfaction K=intent] Maryam Mirzakhani is regarded as ___ (27) in the field of mathematics.', 'H', 1),
('c1900000-0000-0000-0000-000000000068', 'b1900000-0000-0000-0000-000000000006', 28, 'matching', '[Match to phrase: A=appeal B=determined C=intrigued D=single E=achievement F=devoted G=involved H=unique I=innovative J=satisfaction K=intent] Maths held little ___ (28) for her as a child.', 'A', 1),
('c1900000-0000-0000-0000-000000000069', 'b1900000-0000-0000-0000-000000000006', 29, 'matching', '[Match to phrase: A=appeal B=determined C=intrigued D=single E=achievement F=devoted G=involved H=unique I=innovative J=satisfaction K=intent] She was ___ (29) by a difficult puzzle that one of her siblings showed her.', 'C', 1),
('c1900000-0000-0000-0000-000000000070', 'b1900000-0000-0000-0000-000000000006', 30, 'matching', '[Match to phrase: A=appeal B=determined C=intrigued D=single E=achievement F=devoted G=involved H=unique I=innovative J=satisfaction K=intent] She proved herself to be ___ (30) when things did not go smoothly.', 'B', 1),
('c1900000-0000-0000-0000-000000000071', 'b1900000-0000-0000-0000-000000000006', 31, 'matching', '[Match to phrase: A=appeal B=determined C=intrigued D=single E=achievement F=devoted G=involved H=unique I=innovative J=satisfaction K=intent] She got the greatest ___ (31) from making ground-breaking discoveries.', 'J', 1),
('c1900000-0000-0000-0000-000000000072', 'b1900000-0000-0000-0000-000000000006', 32, 'matching', '[Match to phrase: A=appeal B=determined C=intrigued D=single E=achievement F=devoted G=involved H=unique I=innovative J=satisfaction K=intent] She was responsible for some extremely ___ (32) mathematical studies.', 'I', 1),
-- PASSAGE 3: Q33-37 true_false YES/NO/NOT GIVEN
('c1900000-0000-0000-0000-000000000073', 'b1900000-0000-0000-0000-000000000006', 33, 'true_false', '[Write YES / NO / NOT GIVEN] Many people who ended up winning prestigious intellectual prizes only reached an average standard when young.', 'YES', 1),
('c1900000-0000-0000-0000-000000000074', 'b1900000-0000-0000-0000-000000000006', 34, 'true_false', '[Write YES / NO / NOT GIVEN] Einstein''s failures as a young man were due to his lack of confidence.', 'NOT GIVEN', 1),
('c1900000-0000-0000-0000-000000000075', 'b1900000-0000-0000-0000-000000000006', 35, 'true_false', '[Write YES / NO / NOT GIVEN] It is difficult to reach agreement on whether some children are actually born gifted.', 'YES', 1),
('c1900000-0000-0000-0000-000000000076', 'b1900000-0000-0000-0000-000000000006', 36, 'true_false', '[Write YES / NO / NOT GIVEN] Einstein was upset by the public''s view of his life''s work.', 'NOT GIVEN', 1),
('c1900000-0000-0000-0000-000000000077', 'b1900000-0000-0000-0000-000000000006', 37, 'true_false', '[Write YES / NO / NOT GIVEN] Einstein put his success down to the speed at which he dealt with scientific questions.', 'NO', 1),
-- PASSAGE 3: Q38-40 multiple_choice
('c1900000-0000-0000-0000-000000000078', 'b1900000-0000-0000-0000-000000000006', 38, 'multiple_choice', 'What does Eyre believe is needed for children to equal gifted standards? A) strict discipline from the teaching staff B) assistance from their peers in the classroom C) the development of a spirit of inquiry towards their studies D) the determination to surpass everyone else''s achievements', 'C', 1),
('c1900000-0000-0000-0000-000000000079', 'b1900000-0000-0000-0000-000000000006', 39, 'multiple_choice', 'What is the result of Ericsson''s research? A) Very gifted students do not need to work on improving memory skills. B) Being born with a special gift is not the key factor in becoming expert. C) Including time for physical exercise is crucial in raising performance. D) 10,000 hours of relevant and demanding work will create a genius.', 'B', 1),
('c1900000-0000-0000-0000-000000000080', 'b1900000-0000-0000-0000-000000000006', 40, 'multiple_choice', 'In the penultimate paragraph, it is stated the key to some deprived children''s success is: A) a regular and nourishing diet at home. B) the loving support of more than one parent. C) a community which has well-funded facilities for learning. D) the guidance of someone who recognises the benefits of learning.', 'D', 1);

-- ============================================================
-- Cambridge IELTS 19 Academic — Reading Test 3
-- ============================================================

INSERT INTO tests (id, title, type, book_number, test_number, difficulty) VALUES
  ('a1900000-0000-0000-0000-000000000003', 'Cambridge IELTS 19 — Reading Test 3', 'reading', 19, 3, 'medium');

INSERT INTO test_sections (id, test_id, section_number, title, instructions) VALUES
(
  'b1900000-0000-0000-0000-000000000007',
  'a1900000-0000-0000-0000-000000000003',
  1,
  'Archaeologists discover evidence of prehistoric island settlers',
  'PASSAGE 1: Archaeologists discover evidence of prehistoric island settlers\n\nYou should spend about 20 minutes on Questions 1-13.\n\nIn early April 2019, Dr Ceri Shipton and his colleagues from Australian National University became the first archaeologists to explore Obi, one of many tropical islands in Indonesia''s Maluku Utara province. The research team''s discoveries suggest that the prehistoric people who lived on Obi were adept on both land and sea, hunting in the dense rainforest, foraging on the seashore, and possibly even voyaging between islands.\n\nThe excavations were part of a project to learn more about how people first dispersed from mainland Asia, through the Indonesian archipelago and into the prehistoric continent that once connected Australia and New Guinea. The team''s earlier research suggested that the northernmost islands in the group, known as the Wallacean islands, including Obi, would have offered the easiest migration route. It also seemed likely that these islands were crucial stepping stones on humans'' island-hopping voyages through this region millennia ago. But to support this idea, they needed archaeological evidence for humans living in this remote area in the ancient past. So, they travelled to Obi to look for sites that might reveal evidence of early occupation.\n\nJust inland from the village of Kelo on Obi''s northern coast, Shipton and his colleagues found two caves containing prehistoric rock shelters that were suitable for excavation. With the permission and help of the local people of Kelo, they dug a small test excavation in each shelter. There they found numerous artefacts, including fragments of axes, some dating to about 14,000 years ago. The earliest axes at Kelo were made using clam shells. Axes made from clam shells from roughly the same time had also previously been found elsewhere in this region, including on the nearby island of Gebe to the northeast. As on Gebe, it is highly likely that Obi''s axes were used in the construction of canoes, thus allowing these early peoples to maintain connections between communities on neighbouring islands.\n\nThe oldest cultural layers from the Kelo site provided the team with the earliest record for human occupation on Obi, dating back around 18,000 years. At this time the climate was drier and colder than today, and the island''s dense rainforests would likely have been much less impenetrable than they are now. Sea levels were about 120 metres lower, meaning Obi was a much larger island.\n\nRoughly 11,700 years ago, as the most recent ice age ended, the climate became significantly warmer and wetter. According to the researchers, it is no coincidence that around this time the first axes crafted from stone rather than sea shells appear, likely in response to their heavy-duty use for clearing and modification of the increasingly dense rainforest. While stone takes about twice as long to grind into an axe compared to shell, the harder material keeps its sharp edge for longer.\n\nJudging by the bones which the researchers unearthed in the Kelo caves, people living there mainly hunted the Rothschild''s cuscus, a possum-like creature that still lives on Obi today. As the forest grew more dense, people probably used axes to clear patches of forest and make hunting easier.\n\nShipton''s team''s excavation of the shelters at the Kelo site unearthed a volcanic glass substance called obsidian, which must have been brought over from another island, as there is no known source on Obi. It also revealed particular types of beads, similar to those previously found on islands in southern Wallacea. These finds again support the idea that Obi islanders routinely travelled to other islands.\n\nThe excavations suggest people successfully lived in the two Kelo shelters for about 10,000 years. But then, about 8,000 years ago, both were abandoned. Perhaps the jungle had grown so thick that axes were no longer a match for the dense undergrowth. Perhaps people simply moved to the coast and turned to fishing rather than hunting as a means of survival.\n\nWhatever the reason for the departure, there is no evidence for use of the Kelo shelters after this time, until about 1,000 years ago, when they were re-occupied by people who owned pottery as well as items made out of gold and silver. It seems likely, in view of Obi''s location, that this final phase of occupation also saw the Kelo shelters used by people involved in the historic trade in spices between the Maluku islands and the rest of the world.'
),
(
  'b1900000-0000-0000-0000-000000000008',
  'a1900000-0000-0000-0000-000000000003',
  2,
  'The global importance of wetlands',
  'PASSAGE 2: The global importance of wetlands\n\nYou should spend about 20 minutes on Questions 14-26.\n\nA  Wetlands are areas where water covers the soil, or is present either at or near the surface of the soil, for all or part of the year. These are complex ecosystems, rich in unique plant and animal life. But according to the World Wide Fund for Nature (WWFN), half of the world''s wetlands have disappeared since 1990 - converted or destroyed for commercial development, drainage schemes and the extraction of minerals and peat. Many of those that remain have been damaged by agricultural pesticides and fertilisers, industrial pollutants, and construction works.\n\nB  Throughout history, humans have gathered around wetlands, and their fertile ecosystems have played an important part in human development. Consequently, they are of considerable religious, historical and archaeological value to many communities around the world. Wetlands directly support the livelihoods and well-being of millions of people, says Dr Matthew McCartney, principal researcher and hydrologist at the International Water Management Institute (IWMI). In many developing countries, large numbers of people are dependent on wetland agriculture for their livelihoods.\n\nC  They also serve a crucial environmental purpose. Wetlands are one of the key tools in mitigating climate change across the planet, says Pieter van Eijk, head of Climate Adaptation at Wetlands International (WI), pointing to their use as buffers that protect coastal areas from sea-level rise and extreme weather events such as hurricanes and flooding. Wetland coastal forests provide food and water, as well as shelter from storms, and WI and other agencies are working to restore those forests which have been lost. It can be as simple as planting a few trees per hectare to create shade and substantially change a microclimate, he says.\n\nD  The world''s wetlands are, unfortunately, rich sources for in-demand commodities, such as palm oil and pulpwood. Peatlands - wetlands with a waterlogged organic soil layer - are particularly targeted. When peatlands are drained for cultivation, they become net carbon emitters instead of active carbon stores, and this practice causes six per cent of all global carbon emissions. The clearance of peatlands for planting also increases the risk of forest fires, which release huge amounts of CO2.\n\nE  The damage starts when logging companies arrive to clear the trees. They dig ditches to enter the peat swamps by boat and then float the logs out the same way. These are then used to drain water out of the peatlands for the planting of corn, oil palms or pulpwood trees. Once the water has drained away, bacteria and fungi then break down the carbon in the peat and turn it into CO2 and methane. Meanwhile, the remainder of the solid matter in the peat starts to move downwards, in a process known as subsidence. Peat comprises 90 per cent water, so this is one of the most alarming consequences of peatland clearances. In the tropics, peat subsides at about four centimetres a year, so within half a century, very large landscapes on Sumatra and Borneo will become flooded as the peat drops below water level.\n\nF  And while these industries affect wetlands in ways that can easily be documented, Dr Dave Tickner of the WWFN believes that more subtle impacts can be even more devastating. Sediment run-off and fertilisers can be pretty invisible. Over-extraction of water is equally invisible. Tickner does not blame anyone for deliberate damage, however. I''ve worked on wetland issues for 20 years and have never met anybody who wanted to damage a wetland. Quite often, the effects simply come from people trying to make a living.\n\nG  Silvius also acknowledges the importance of income generation. It''s not that we just want to restore the biodiversity of wetlands - which we do - but we recognise there''s a need to provide an income for local people. This approach is supported by IWMI. The idea is that people in a developing country will only protect wetlands if they value and profit from them, says McCartney. For sustainability, it''s essential that local people are involved in wetland planning and decision making and have clear rights to use wetlands.\n\nH  The fortunes of wetlands would be improved, Silvius suggests, if more governments recognised their long-term value. Different governments have different attitudes, he says. Some countries place a high priority on restoring wetlands, while others still deny the issue. McCartney is cautiously optimistic, however. Awareness of the importance of wetlands is growing. It''s true that wetland degradation still continues at a rapid pace, but my impression is that things are slowly changing.'
),
(
  'b1900000-0000-0000-0000-000000000009',
  'a1900000-0000-0000-0000-000000000003',
  3,
  'Is the era of artificial speech translation upon us?',
  'PASSAGE 3: Is the era of artificial speech translation upon us?\n\nYou should spend about 20 minutes on Questions 27-40.\n\nOnce the stuff of science fiction, technology that enables people to talk using different languages is now here. But how effective is it?\n\nNoise, Alex Waibel tells me, is one of the major challenges that artificial speech translation has to meet. A device may be able to recognise speech in a laboratory, or a meeting room, but will struggle to cope with the kind of background noise found in a busy office. I''m struggling to follow him in English, on a scratchy line that reminds me we are nearly 10,000 kilometres apart.\n\nAt Karlsruhe Institute of Technology, where he is a professor of computer science, Waibel and his colleagues already give lectures in German that their students can follow in English via an electronic translator. The system generates text that students can read on their laptops or phones, so the process is somewhat similar to subtitling. It helps that lecturers speak clearly, don''t have to compete with background chatter, and say much the same thing each year.\n\nThe idea of artificial speech translation has been around for a long time. Douglas Adams'' science fiction novel, The Hitchhiker''s Guide to the Galaxy, published in 1979, featured a life form called the Babel fish which, when placed in the ear, enabled a listener to understand any language in the universe. It came to represent one of those devices that technology enthusiasts dream of long before they become practically realisable, like TVs flat enough to hang on walls. Now devices that look like prototype Babel fish have started to appear, riding a wave of advances in artificial translation and voice recognition.\n\nAt this stage, however, they seem to be regarded as eye-catching novelties rather than steps towards what Waibel calls making a language-transparent society. They tend to be domestic devices or applications suitable for hotel check-ins, for example, providing a practical alternative to speaking traveller''s English. The efficiency of the translator is less important than the social function. However, Professionals are less inclined to be patient in a conversation, founder and CEO at Waverly Labs, Andrew Ochoa, observes. To redress this, Waverly is now preparing a new model for professional applications.\n\nFor a conversation, both speakers need to have devices called Pilots in their ears. We find that there''s a barrier with sharing one of the earphones with a stranger, says Ochoa. The problem would be solved if earpiece translators became sufficiently prevalent that strangers would be likely to already have their own in their ears.\n\nWaibel highlights the significance of certain Asian nations, noting that voice translation has really taken off in countries such as Japan. A translation system needs to be simultaneous, like the translator''s voice speaking over the foreign politician being interviewed on the TV. It needs to work offline, for situations where internet access isn''t possible, and to address apprehensions about the amount of private speech data accumulating in the cloud.\n\nSystems not only need to cope with physical challenges such as noise, they will also need to be socially aware by addressing people in the right way. Some cultural traditions demand solemn respect for academic status, and it is only polite to respect this. Etiquette-sensitive artificial translators could relieve people of the need to know these differing cultural norms. At the same time, they might help to preserve local customs, slowing the spread of habits associated with international English.\n\nProfessors and other professionals will not outsource language awareness to software, though. If the technology matures into seamless, ubiquitous artificial speech translation, it will actually add value to language skills. Whether it will help people conduct their family lives or relationships is open to question - though one noteworthy possibility is that it could overcome the language barriers that often arise between generations after migration.\n\nWhatever uses it is put to, though, it will never be as good as the real thing. Even if voice-morphing technology simulates the speaker''s voice, their lip movements won''t match. The contrast will underline the value of shared languages, and the value of learning them. Sharing a language can promote a sense of belonging and community. Though the practical need for a common language will diminish, the social value of sharing one will persist. And software will never be a substitute for the subtle but vital understanding that comes with knowledge of a language.'
);

INSERT INTO questions (id, section_id, question_number, question_type, question_text, correct_answer, points) VALUES
-- PASSAGE 1: Q1-7 true_false
('c1900000-0000-0000-0000-000000000081', 'b1900000-0000-0000-0000-000000000007', 1, 'true_false', '[Write TRUE / FALSE / NOT GIVEN] Archaeological research had taken place on the island of Obi before the arrival of Ceri Shipton and his colleagues.', 'FALSE', 1),
('c1900000-0000-0000-0000-000000000082', 'b1900000-0000-0000-0000-000000000007', 2, 'true_false', '[Write TRUE / FALSE / NOT GIVEN] At the Kelo sites, the researchers found the first clam shell axes ever to be discovered in the region.', 'FALSE', 1),
('c1900000-0000-0000-0000-000000000083', 'b1900000-0000-0000-0000-000000000007', 3, 'true_false', '[Write TRUE / FALSE / NOT GIVEN] The size of Obi today is less than it was 18,000 years ago.', 'TRUE', 1),
('c1900000-0000-0000-0000-000000000084', 'b1900000-0000-0000-0000-000000000007', 4, 'true_false', '[Write TRUE / FALSE / NOT GIVEN] A change in the climate around 11,700 years ago had a greater impact on Obi than on the surrounding islands.', 'NOT GIVEN', 1),
('c1900000-0000-0000-0000-000000000085', 'b1900000-0000-0000-0000-000000000007', 5, 'true_false', '[Write TRUE / FALSE / NOT GIVEN] The researchers believe there is a connection between warmer, wetter weather and a change in the material used to make axes.', 'TRUE', 1),
('c1900000-0000-0000-0000-000000000086', 'b1900000-0000-0000-0000-000000000007', 6, 'true_false', '[Write TRUE / FALSE / NOT GIVEN] Shipton''s team were surprised to find evidence of the Obi islanders'' hunting practices.', 'NOT GIVEN', 1),
('c1900000-0000-0000-0000-000000000087', 'b1900000-0000-0000-0000-000000000007', 7, 'true_false', '[Write TRUE / FALSE / NOT GIVEN] It is thought that the Kelo shelters were occupied continuously until about 1,000 years ago.', 'FALSE', 1),
-- PASSAGE 1: Q8-13 fill_blank
('c1900000-0000-0000-0000-000000000088', 'b1900000-0000-0000-0000-000000000007', 8, 'fill_blank', '[Complete the notes. Choose ONE WORD ONLY from the passage.] Excavations of rock shelters inside ___ (8) near the village of Kelo revealed artefacts.', 'caves', 1),
('c1900000-0000-0000-0000-000000000089', 'b1900000-0000-0000-0000-000000000007', 9, 'fill_blank', '[Complete the notes. Choose ONE WORD ONLY from the passage.] Axes made out of ___ (9), dating from around 11,700 years ago.', 'stone', 1),
('c1900000-0000-0000-0000-000000000090', 'b1900000-0000-0000-0000-000000000007', 10, 'fill_blank', '[Complete the notes. Choose ONE WORD ONLY from the passage.] ___ (10) of an animal: evidence of what ancient islanders ate.', 'bones', 1),
('c1900000-0000-0000-0000-000000000091', 'b1900000-0000-0000-0000-000000000007', 11, 'fill_blank', '[Complete the notes. Choose ONE WORD ONLY from the passage.] ___ (11) which resembled ones found on other islands.', 'beads', 1),
('c1900000-0000-0000-0000-000000000092', 'b1900000-0000-0000-0000-000000000007', 12, 'fill_blank', '[Complete the notes. Choose ONE WORD ONLY from the passage.] Had ___ (12) as well as items made out of metal.', 'pottery', 1),
('c1900000-0000-0000-0000-000000000093', 'b1900000-0000-0000-0000-000000000007', 13, 'fill_blank', '[Complete the notes. Choose ONE WORD ONLY from the passage.] Probably took part in the production and sale of ___ (13).', 'spices', 1),
-- PASSAGE 2: Q14-17 matching (paragraphs A-H)
('c1900000-0000-0000-0000-000000000094', 'b1900000-0000-0000-0000-000000000008', 14, 'matching', '[Match to paragraph: A=Wetlands disappearing B=Human history and wetlands C=Environmental purpose D=Peatlands as carbon emitters E=Logging damage F=Subtle invisible damage G=Local income needed H=Government attitudes] reference to the need to ensure that inhabitants of wetland regions continue to benefit from them', 'G', 1),
('c1900000-0000-0000-0000-000000000095', 'b1900000-0000-0000-0000-000000000008', 15, 'matching', '[Match to paragraph: A=Wetlands disappearing B=Human history and wetlands C=Environmental purpose D=Peatlands as carbon emitters E=Logging damage F=Subtle invisible damage G=Local income needed H=Government attitudes] the proportion of wetlands which have already been lost', 'A', 1),
('c1900000-0000-0000-0000-000000000096', 'b1900000-0000-0000-0000-000000000008', 16, 'matching', '[Match to paragraph: A=Wetlands disappearing B=Human history and wetlands C=Environmental purpose D=Peatlands as carbon emitters E=Logging damage F=Subtle invisible damage G=Local income needed H=Government attitudes] reference to the idea that people are beginning to appreciate the value of wetlands', 'H', 1),
('c1900000-0000-0000-0000-000000000097', 'b1900000-0000-0000-0000-000000000008', 17, 'matching', '[Match to paragraph: A=Wetlands disappearing B=Human history and wetlands C=Environmental purpose D=Peatlands as carbon emitters E=Logging damage F=Subtle invisible damage G=Local income needed H=Government attitudes] mention of the cultural significance of wetlands', 'B', 1),
-- PASSAGE 2: Q18-22 fill_blank
('c1900000-0000-0000-0000-000000000098', 'b1900000-0000-0000-0000-000000000008', 18, 'fill_blank', '[Complete the sentences. Choose ONE WORD ONLY from the passage.] Peatlands which have been drained begin to release ___ (18) instead of storing it.', 'carbon', 1),
('c1900000-0000-0000-0000-000000000099', 'b1900000-0000-0000-0000-000000000008', 19, 'fill_blank', '[Complete the sentences. Choose ONE WORD ONLY from the passage.] Once peatland areas have been cleared, ___ (19) are more likely to occur.', 'fires', 1),
('c1900000-0000-0000-0000-000000000100', 'b1900000-0000-0000-0000-000000000008', 20, 'fill_blank', '[Complete the sentences. Choose ONE WORD ONLY from the passage.] Clearing peatland forests to make way for oil palm plantations destroys the ___ (20) of the local environment.', 'biodiversity', 1),
('c1900000-0000-0000-0000-000000000101', 'b1900000-0000-0000-0000-000000000008', 21, 'fill_blank', '[Complete the sentences. Choose ONE WORD ONLY from the passage.] Water is drained out of peatlands through the ___ (21) which are created by logging companies.', 'ditches', 1),
('c1900000-0000-0000-0000-000000000102', 'b1900000-0000-0000-0000-000000000008', 22, 'fill_blank', '[Complete the sentences. Choose ONE WORD ONLY from the passage.] Draining peatlands leads to ___ (22): a serious problem which can eventually result in coastal flooding and land loss.', 'subsidence', 1),
-- PASSAGE 2: Q23-26 matching (experts A-D)
('c1900000-0000-0000-0000-000000000103', 'b1900000-0000-0000-0000-000000000008', 23, 'matching', '[Match to expert: A=Matthew McCartney B=Pieter van Eijk C=Marcel Silvius D=Dave Tickner] Communities living in wetland regions must be included in discussions about the future of these areas.', 'A', 1),
('c1900000-0000-0000-0000-000000000104', 'b1900000-0000-0000-0000-000000000008', 24, 'matching', '[Match to expert: A=Matthew McCartney B=Pieter van Eijk C=Marcel Silvius D=Dave Tickner] Official policies towards wetlands vary from one nation to the next.', 'C', 1),
('c1900000-0000-0000-0000-000000000105', 'b1900000-0000-0000-0000-000000000008', 25, 'matching', '[Match to expert: A=Matthew McCartney B=Pieter van Eijk C=Marcel Silvius D=Dave Tickner] People cause harm to wetlands without having any intention to do so.', 'D', 1),
('c1900000-0000-0000-0000-000000000106', 'b1900000-0000-0000-0000-000000000008', 26, 'matching', '[Match to expert: A=Matthew McCartney B=Pieter van Eijk C=Marcel Silvius D=Dave Tickner] Initiatives to reverse environmental damage need not be complex.', 'B', 1),
-- PASSAGE 3: Q27-30 multiple_choice
('c1900000-0000-0000-0000-000000000107', 'b1900000-0000-0000-0000-000000000009', 27, 'multiple_choice', 'What does the reader learn about the conversation in the first paragraph? A) The speakers are communicating in different languages. B) Neither of the speakers is familiar with their environment. C) The topic of the conversation is difficult for both speakers. D) Aspects of the conversation are challenging for both speakers.', 'D', 1),
('c1900000-0000-0000-0000-000000000108', 'b1900000-0000-0000-0000-000000000009', 28, 'multiple_choice', 'What assists the electronic translator during lectures at Karlsruhe Institute of Technology? A) the repeated content of lectures B) the students'' reading skills C) the languages used D) the lecturers'' technical ability', 'A', 1),
('c1900000-0000-0000-0000-000000000109', 'b1900000-0000-0000-0000-000000000009', 29, 'multiple_choice', 'When referring to The Hitchhiker''s Guide to the Galaxy, the writer suggests that: A) the Babel fish was considered undesirable at the time. B) this book was not seriously intending to predict the future. C) artificial speech translation was not a surprising development. D) some speech translation techniques are better than others.', 'C', 1),
('c1900000-0000-0000-0000-000000000110', 'b1900000-0000-0000-0000-000000000009', 30, 'multiple_choice', 'What does the writer say about sharing earpieces? A) It is something people will get used to doing. B) The reluctance to do this is understandable. C) The equipment will be unnecessary in the future. D) It is something few people need to worry about.', 'B', 1),
-- PASSAGE 3: Q31-34 matching (sentence endings A-F)
('c1900000-0000-0000-0000-000000000111', 'b1900000-0000-0000-0000-000000000009', 31, 'matching', '[Match sentence ending: A=but there are concerns about this B=as systems do not need to conform to standard practices C=but they are far from perfect D=despite the noise issues E=because translation is immediate F=and have an awareness of good manners] Speech translation methods are developing fast in Japan ___ (31).', 'C', 1),
('c1900000-0000-0000-0000-000000000112', 'b1900000-0000-0000-0000-000000000009', 32, 'matching', '[Match sentence ending: A=but there are concerns about this B=as systems do not need to conform to standard practices C=but they are far from perfect D=despite the noise issues E=because translation is immediate F=and have an awareness of good manners] TV interviews that use translation voiceover methods are successful ___ (32).', 'E', 1),
('c1900000-0000-0000-0000-000000000113', 'b1900000-0000-0000-0000-000000000009', 33, 'matching', '[Match sentence ending: A=but there are concerns about this B=as systems do not need to conform to standard practices C=but they are far from perfect D=despite the noise issues E=because translation is immediate F=and have an awareness of good manners] Future translation systems should address people appropriately ___ (33).', 'F', 1),
('c1900000-0000-0000-0000-000000000114', 'b1900000-0000-0000-0000-000000000009', 34, 'matching', '[Match sentence ending: A=but there are concerns about this B=as systems do not need to conform to standard practices C=but they are far from perfect D=despite the noise issues E=because translation is immediate F=and have an awareness of good manners] Users may be able to maintain their local customs ___ (34).', 'B', 1),
-- PASSAGE 3: Q35-40 true_false YES/NO/NOT GIVEN
('c1900000-0000-0000-0000-000000000115', 'b1900000-0000-0000-0000-000000000009', 35, 'true_false', '[Write YES / NO / NOT GIVEN] Language translation systems will be seen as very useful throughout the academic and professional worlds.', 'NO', 1),
('c1900000-0000-0000-0000-000000000116', 'b1900000-0000-0000-0000-000000000009', 36, 'true_false', '[Write YES / NO / NOT GIVEN] The overall value of automated translation to family life is yet to be shown.', 'YES', 1),
('c1900000-0000-0000-0000-000000000117', 'b1900000-0000-0000-0000-000000000009', 37, 'true_false', '[Write YES / NO / NOT GIVEN] Automated translation could make life more difficult for immigrant families.', 'NO', 1),
('c1900000-0000-0000-0000-000000000118', 'b1900000-0000-0000-0000-000000000009', 38, 'true_false', '[Write YES / NO / NOT GIVEN] Visual aspects of language translation are being considered by scientists.', 'NOT GIVEN', 1),
('c1900000-0000-0000-0000-000000000119', 'b1900000-0000-0000-0000-000000000009', 39, 'true_false', '[Write YES / NO / NOT GIVEN] International scientists have found English easier to translate into other languages than Latin.', 'NOT GIVEN', 1),
('c1900000-0000-0000-0000-000000000120', 'b1900000-0000-0000-0000-000000000009', 40, 'true_false', '[Write YES / NO / NOT GIVEN] As far as language is concerned, there is a difference between people''s social and practical needs.', 'YES', 1);