-- ============================================================
-- IELTS Reading — Practice Test 1 Seed Data
-- supabase/seed_reading.sql
-- ============================================================

-- Extend constraint to add matching_headings
ALTER TABLE questions DROP CONSTRAINT IF EXISTS questions_question_type_check;
ALTER TABLE questions ADD CONSTRAINT questions_question_type_check
  CHECK (question_type IN ('multiple_choice', 'fill_blank', 'matching', 'true_false', 'matching_headings'));

-- ── TEST ──────────────────────────────────────────────────────

INSERT INTO tests (id, title, type, book_number, test_number, difficulty) VALUES
  ('a1000000-0000-0000-0000-000000000001', 'Cambridge IELTS 1 — Reading Test 1', 'reading', 1, 1, 'medium');

-- ── SECTIONS ──────────────────────────────────────────────────

INSERT INTO test_sections (id, test_id, section_number, title, instructions) VALUES
('b1000000-0000-0000-0000-000000000001', 'a1000000-0000-0000-0000-000000000001', 1, 'A spark, a flint: How fire leapt to life', 'PASSAGE 1: A spark, a flint: How fire leapt to life\n\nYou should spend about 20 minutes on Questions 1-15.\n\nThe control of fire was the first and perhaps greatest of humanity''s steps towards a life-enhancing technology.\n\nTo early man, fire was a divine gift randomly delivered in the form of lightning, forest fire or burning lava. Unable to make flame for themselves, the earliest peoples probably stored fire by keeping slow burning logs alight or by carrying charcoal in pots.\n\nHow and where man learnt how to produce flame at will is unknown. It was probably a secondary invention, accidentally made during tool-making operations with wood or stone. Studies of primitive societies suggest that the earliest method of making fire was through friction. European peasants would insert a wooden drill in a round hole and rotate it briskly between their palms.\n\nThe Ancient Greeks used lenses or concave mirrors to concentrate the sun''s rays and burning glasses were also used by Mexican Aztecs and the Chinese.\n\nPercussion methods of fire-lighting date back to Paleolithic times, when some Stone Age tool-makers discovered that chipping flints produced sparks. The technique became more efficient after the discovery of iron, about 5000 years ago. In Arctic North America, the Eskimos produced a slow-burning spark by striking quartz against iron pyrites. The Chinese lit their fires by striking porcelain with bamboo. In Europe, the combination of steel, flint and tinder remained the main method of fire-lighting until the mid 19th century.\n\nFire-lighting was revolutionised by the discovery of phosphorus, isolated in 1669 by a German alchemist. Several 17th century chemists used it to manufacture fire-lighting devices, but the results were dangerously inflammable.\n\nThe quest for a practical match really began after 1781 when a group of French chemists came up with the Ethereal Match, a sealed glass tube containing a twist of paper tipped with phosphorus. When the tube was broken, air rushed in, causing the phosphorus to self-combust.\n\nThe first matches resembling those used today were made in 1827 by John Walker, an English pharmacist. Congreves were splints coated with sulphur and tipped with potassium chlorate.\n\nWalker never patented his invention, and three years later it was copied by Samuel Jones, who marketed his product as Lucifers. Charles Sauria produced the first strike-anywhere match by substituting white phosphorus for the potassium chlorate. However, since white phosphorus is a deadly poison, from 1845 match-makers succumbed to necrosis. It was not until 1906 that the substance was eventually banned.\n\nJ E Lundstrom''s safety matches used non-toxic red phosphorus painted on to the striking surface.\n\nIn 1892 the Diamond Match Company pioneered book matches. Today book matches are the most widely used type in the US. Other American innovations include the waterproof match, which lights after eight hours in water.'),
('b1000000-0000-0000-0000-000000000002', 'a1000000-0000-0000-0000-000000000001', 2, 'Zoo conservation programmes', 'PASSAGE 2: Zoo conservation programmes\n\nYou should spend about 20 minutes on Questions 16-28.\n\nOne of London Zoo''s recent advertisements caused me some irritation, so patently did it distort reality. It went on to extol the myth that without zoos these animals will almost certainly disappear forever.\n\nZoos were originally created as places of entertainment, and their suggested involvement with conservation did not seriously arise until about 30 years ago. This commitment has now been clearly defined in The World Zoo Conservation Strategy (WZCS, September 1993).\n\nThe WZCS estimates that there are about 10,000 zoos in the world, of which around 1,000 represent a core of quality collections. This is probably the document''s first failing, as I believe that 10,000 is a serious underestimate of the total number of places masquerading as zoological establishments.\n\nThe second flaw is the naive faith it places in its 1,000 core zoos. One would assume that the calibre of these institutions would have been carefully examined, but it appears that the criterion for inclusion might merely be zoo federation membership. The American Association of Zoological Parks and Aquariums (AAZPA) has had extremely dubious members. Robin Hill Adventure Park on the Isle of Wight was finally closed down following a damning report by a veterinary inspector.\n\nColin Tudge argues that if the world''s zoos worked together in co-operative breeding programmes, they could save around 2,000 species of endangered land vertebrates. This seems extremely optimistic.\n\nToday approximately 16 species might be said to have been saved by captive breeding programmes. Given that the international conference at London Zoo was held 30 years ago, this is pretty slow progress.'),
('b1000000-0000-0000-0000-000000000003', 'a1000000-0000-0000-0000-000000000001', 3, 'Architecture — Reaching for the Sky', 'PASSAGE 3: Architecture — Reaching for the Sky\n\nYou should spend about 20 minutes on Questions 29-40.\n\nArchitecture is the art and science of designing buildings and structures. The origins of modern architecture can be traced back to the social and technological changes of the 18th and 19th centuries. Instead of using timber, stone and traditional building techniques, architects began to explore ways of using steel, glass and reinforced concrete. Such rapid and uncontrolled growth helped to turn parts of cities into slums.\n\nBy the 1920s architects throughout Europe were reacting against the conditions created by industrialisation. A new style known as Modernism emerged. By the 1930s many buildings were designed in the International Style — characterised by bold use of new materials and simple, geometric forms, often with white walls supported by stilt-like pillars. Walter Gropius, Le Corbusier and Ludwig Mies van der Rohe were among the most influential architects.\n\nUnfortunately, Modernist interest in geometric simplicity became exploited for profit. The ability to prefabricate building sections led to many badly designed buildings, which discredited the original aims of Modernism.\n\nEvery large British city built multi-storey housing estates in the 1960s. But far from meeting human needs, the new estates proved to be windswept deserts. Many have since been demolished.\n\nBy the 1970s, a new respect for historic buildings arose. Preservation grew common. The High Tech style celebrated engineering achievements — examples are Stansted airport and the Lloyd''s building in London.\n\nBy the 1980s the coexistence of different styles became known as Post Modern. The trend now favours smaller scale building design reflecting environmental awareness.\n\nTwentieth century architecture will mainly be remembered for its tall buildings, made possible by light steel frames and safe passenger lifts.');

-- ── QUESTIONS ─────────────────────────────────────────────────

INSERT INTO questions (id, section_id, question_number, question_type, question_text, correct_answer, points) VALUES
('c1000000-0000-0000-0000-000000000001', 'b1000000-0000-0000-0000-000000000001', 1, 'fill_blank', '[Complete the summary. Choose from: Mexicans / random / rotating / despite / preserve / realising / sunlight / lacking / heavenly / percussion / chance / friction / unaware / without / make / heating / Eskimos / surprised / until / smoke] Primitive societies tried to ___ (1) burning logs or charcoal', 'preserve', 1),
('c1000000-0000-0000-0000-000000000002', 'b1000000-0000-0000-0000-000000000001', 2, 'fill_blank', '[Complete the summary. Choose from: Mexicans / random / rotating / despite / preserve / realising / sunlight / lacking / heavenly / percussion / chance / friction / unaware / without / make / heating / Eskimos / surprised / until / smoke] They stored fire ___ (2) that they could not create fire themselves.', 'unaware', 1),
('c1000000-0000-0000-0000-000000000003', 'b1000000-0000-0000-0000-000000000001', 3, 'fill_blank', '[Complete the summary. Choose from: Mexicans / random / rotating / despite / preserve / realising / sunlight / lacking / heavenly / percussion / chance / friction / unaware / without / make / heating / Eskimos / surprised / until / smoke] First man-made flames were produced by ___ (3)', 'chance', 1),
('c1000000-0000-0000-0000-000000000004', 'b1000000-0000-0000-0000-000000000001', 4, 'fill_blank', '[Complete the summary. Choose from: Mexicans / random / rotating / despite / preserve / realising / sunlight / lacking / heavenly / percussion / chance / friction / unaware / without / make / heating / Eskimos / surprised / until / smoke] The first methods involved creating ___ (4)', 'friction', 1),
('c1000000-0000-0000-0000-000000000005', 'b1000000-0000-0000-0000-000000000001', 5, 'fill_blank', '[Complete the summary. Choose from: Mexicans / random / rotating / despite / preserve / realising / sunlight / lacking / heavenly / percussion / chance / friction / unaware / without / make / heating / Eskimos / surprised / until / smoke] For example, rapidly ___ (5) a wooden stick in a round hole.', 'rotating', 1),
('c1000000-0000-0000-0000-000000000006', 'b1000000-0000-0000-0000-000000000001', 6, 'fill_blank', '[Complete the summary. Choose from: Mexicans / random / rotating / despite / preserve / realising / sunlight / lacking / heavenly / percussion / chance / friction / unaware / without / make / heating / Eskimos / surprised / until / smoke] The use of ___ (6) or persistent chipping was also widespread.', 'percussion', 1),
('c1000000-0000-0000-0000-000000000007', 'b1000000-0000-0000-0000-000000000001', 7, 'fill_blank', '[Complete the summary. Choose from: Mexicans / random / rotating / despite / preserve / realising / sunlight / lacking / heavenly / percussion / chance / friction / unaware / without / make / heating / Eskimos / surprised / until / smoke] Used by the Chinese and ___ (7)', 'Eskimos', 1),
('c1000000-0000-0000-0000-000000000008', 'b1000000-0000-0000-0000-000000000001', 8, 'fill_blank', '[Complete the summary. Choose from: Mexicans / random / rotating / despite / preserve / realising / sunlight / lacking / heavenly / percussion / chance / friction / unaware / without / make / heating / Eskimos / surprised / until / smoke] Continued until the 1850s ___ (8) the discovery of phosphorus.', 'despite', 1),
('c1000000-0000-0000-0000-000000000009', 'b1000000-0000-0000-0000-000000000001', 9, 'matching', '[Match to: A=Ethereal Match B=Instantaneous Lightbox C=Congreves D=Lucifers E=first strike-anywhere match F=Lundstrom safety match G=book matches H=waterproof matches] made using a less poisonous type of phosphorus', 'F', 1),
('c1000000-0000-0000-0000-000000000010', 'b1000000-0000-0000-0000-000000000001', 10, 'matching', '[Match to: A=Ethereal Match B=Instantaneous Lightbox C=Congreves D=Lucifers E=first strike-anywhere match F=Lundstrom safety match G=book matches H=waterproof matches] identical to a previous type of match', 'D', 1),
('c1000000-0000-0000-0000-000000000011', 'b1000000-0000-0000-0000-000000000001', 11, 'matching', '[Match to: A=Ethereal Match B=Instantaneous Lightbox C=Congreves D=Lucifers E=first strike-anywhere match F=Lundstrom safety match G=book matches H=waterproof matches] caused a deadly illness', 'E', 1),
('c1000000-0000-0000-0000-000000000012', 'b1000000-0000-0000-0000-000000000001', 12, 'matching', '[Match to: A=Ethereal Match B=Instantaneous Lightbox C=Congreves D=Lucifers E=first strike-anywhere match F=Lundstrom safety match G=book matches H=waterproof matches] first to look like modern matches', 'C', 1),
('c1000000-0000-0000-0000-000000000013', 'b1000000-0000-0000-0000-000000000001', 13, 'matching', '[Match to: A=Ethereal Match B=Instantaneous Lightbox C=Congreves D=Lucifers E=first strike-anywhere match F=Lundstrom safety match G=book matches H=waterproof matches] first matches used for advertising', 'G', 1),
('c1000000-0000-0000-0000-000000000014', 'b1000000-0000-0000-0000-000000000001', 14, 'matching', '[Match to: A=Ethereal Match B=Instantaneous Lightbox C=Congreves D=Lucifers E=first strike-anywhere match F=Lundstrom safety match G=book matches H=waterproof matches] relied on an airtight glass container', 'A', 1),
('c1000000-0000-0000-0000-000000000015', 'b1000000-0000-0000-0000-000000000001', 15, 'matching', '[Match to: A=Ethereal Match B=Instantaneous Lightbox C=Congreves D=Lucifers E=first strike-anywhere match F=Lundstrom safety match G=book matches H=waterproof matches] used a formula from a military source', 'C', 1),
('c1000000-0000-0000-0000-000000000016', 'b1000000-0000-0000-0000-000000000002', 16, 'true_false', '[Write YES / NO / NOT GIVEN] London Zoo''''s advertisements are dishonest.', 'YES', 1),
('c1000000-0000-0000-0000-000000000017', 'b1000000-0000-0000-0000-000000000002', 17, 'true_false', '[Write YES / NO / NOT GIVEN] Zoos made an insignificant contribution to conservation up until 30 years ago.', 'YES', 1),
('c1000000-0000-0000-0000-000000000018', 'b1000000-0000-0000-0000-000000000002', 18, 'true_false', '[Write YES / NO / NOT GIVEN] The WZCS document is not known in Eastern Europe.', 'NOT GIVEN', 1),
('c1000000-0000-0000-0000-000000000019', 'b1000000-0000-0000-0000-000000000002', 19, 'true_false', '[Write YES / NO / NOT GIVEN] Zoos in the WZCS select list were carefully inspected.', 'NO', 1),
('c1000000-0000-0000-0000-000000000020', 'b1000000-0000-0000-0000-000000000002', 20, 'true_false', '[Write YES / NO / NOT GIVEN] No-one knew how animals were treated at Robin Hill Adventure Park.', 'NO', 1),
('c1000000-0000-0000-0000-000000000021', 'b1000000-0000-0000-0000-000000000002', 21, 'true_false', '[Write YES / NO / NOT GIVEN] Colin Tudge was dissatisfied with treatment of animals at London Zoo.', 'NOT GIVEN', 1),
('c1000000-0000-0000-0000-000000000022', 'b1000000-0000-0000-0000-000000000002', 22, 'true_false', '[Write YES / NO / NOT GIVEN] The number of successful zoo conservation programmes is unsatisfactory.', 'YES', 1),
('c1000000-0000-0000-0000-000000000023', 'b1000000-0000-0000-0000-000000000002', 23, 'multiple_choice', 'What were the objectives of the WZCS document? A) improve calibre of zoos world-wide B) identify zoos suitable for conservation C) provide funds for zoos in underdeveloped countries D) list endangered species of the world', 'B', 1),
('c1000000-0000-0000-0000-000000000024', 'b1000000-0000-0000-0000-000000000002', 24, 'multiple_choice', 'Why does the writer refer to Robin Hill Adventure Park? A) to support the Isle of Wight local council B) to criticise the UK Zoo Licensing Act C) to illustrate a weakness in the WZCS document D) to exemplify standards in AAZPA zoos', 'C', 1),
('c1000000-0000-0000-0000-000000000025', 'b1000000-0000-0000-0000-000000000002', 25, 'multiple_choice', 'What word best describes the writer''''s response to Colin Tudge''''s prediction? A) disbelieving B) impartial C) prejudiced D) accepting', 'A', 1),
('c1000000-0000-0000-0000-000000000026', 'b1000000-0000-0000-0000-000000000002', 26, 'multiple_choice', 'Which THREE factors lead the writer to doubt the WZCS document? A) number of unregistered zoos B) lack of money in developing countries C) actions of Isle of Wight council D) failure to examine core zoo standards E) unrealistic aim given species saved to date F) policies of WZCS zoo managers', 'A', 1),
('c1000000-0000-0000-0000-000000000027', 'b1000000-0000-0000-0000-000000000002', 27, 'multiple_choice', 'Which THREE factors lead the writer to doubt the WZCS document? A) number of unregistered zoos B) lack of money in developing countries C) actions of Isle of Wight council D) failure to examine core zoo standards E) unrealistic aim given species saved to date F) policies of WZCS zoo managers', 'D', 1),
('c1000000-0000-0000-0000-000000000028', 'b1000000-0000-0000-0000-000000000002', 28, 'multiple_choice', 'Which THREE factors lead the writer to doubt the WZCS document? A) number of unregistered zoos B) lack of money in developing countries C) actions of Isle of Wight council D) failure to examine core zoo standards E) unrealistic aim given species saved to date F) policies of WZCS zoo managers', 'E', 1),
('c1000000-0000-0000-0000-000000000029', 'b1000000-0000-0000-0000-000000000003', 29, 'fill_blank', '[Complete the table. Write NO MORE THAN THREE WORDS for each answer.] Before 18th century — Materials: ___ (29)', 'timber and stone', 1),
('c1000000-0000-0000-0000-000000000030', 'b1000000-0000-0000-0000-000000000003', 30, 'fill_blank', '[Complete the table. Write NO MORE THAN THREE WORDS for each answer.] 1920s — Style: ___ (30)', 'Modernism', 1),
('c1000000-0000-0000-0000-000000000031', 'b1000000-0000-0000-0000-000000000003', 31, 'fill_blank', '[Complete the table. Write NO MORE THAN THREE WORDS for each answer.] 1930s-1950s — Style: ___ (31)', 'International style', 1),
('c1000000-0000-0000-0000-000000000032', 'b1000000-0000-0000-0000-000000000003', 32, 'fill_blank', '[Complete the table. Write NO MORE THAN THREE WORDS for each answer.] 1960s — Result: ___ (32)', 'badly designed buildings', 1),
('c1000000-0000-0000-0000-000000000033', 'b1000000-0000-0000-0000-000000000003', 33, 'fill_blank', '[Complete the table. Write NO MORE THAN THREE WORDS for each answer.] 1970s — Trend: ___ (33) of historic buildings', 'preservation', 1),
('c1000000-0000-0000-0000-000000000034', 'b1000000-0000-0000-0000-000000000003', 34, 'fill_blank', '[Complete the table. Write NO MORE THAN THREE WORDS for each answer.] 1970s — Style: ___ (34) era begins', 'High-Tech', 1),
('c1000000-0000-0000-0000-000000000035', 'b1000000-0000-0000-0000-000000000003', 35, 'fill_blank', '[Complete the table. Write NO MORE THAN THREE WORDS for each answer.] 1980s — Style: ___ (35)', 'co-existence of styles', 1),
('c1000000-0000-0000-0000-000000000036', 'b1000000-0000-0000-0000-000000000003', 36, 'matching', '[Match each Cause with its Effect. A=quality of life improved B=architecture reflects the age C=buildings knocked down D=light steel frames and lifts developed E=historical buildings preserved F=all decoration removed G=parts of cities become slums H=Modernist ideas delayed until second half of 20th century] Rapid movement of people from rural areas to cities triggered by technological advance.', 'G', 1),
('c1000000-0000-0000-0000-000000000037', 'b1000000-0000-0000-0000-000000000003', 37, 'matching', '[Match each Cause with its Effect. A=quality of life improved B=architecture reflects the age C=buildings knocked down D=light steel frames and lifts developed E=historical buildings preserved F=all decoration removed G=parts of cities become slums H=Modernist ideas delayed until second half of 20th century] Buildings become simple and functional.', 'F', 1),
('c1000000-0000-0000-0000-000000000038', 'b1000000-0000-0000-0000-000000000003', 38, 'matching', '[Match each Cause with its Effect. A=quality of life improved B=architecture reflects the age C=buildings knocked down D=light steel frames and lifts developed E=historical buildings preserved F=all decoration removed G=parts of cities become slums H=Modernist ideas delayed until second half of 20th century] An economic depression and the second world war hit Europe.', 'H', 1),
('c1000000-0000-0000-0000-000000000039', 'b1000000-0000-0000-0000-000000000003', 39, 'matching', '[Match each Cause with its Effect. A=quality of life improved B=architecture reflects the age C=buildings knocked down D=light steel frames and lifts developed E=historical buildings preserved F=all decoration removed G=parts of cities become slums H=Modernist ideas delayed until second half of 20th century] Multi-storey housing estates built according to contemporary ideas on town planning.', 'C', 1),
('c1000000-0000-0000-0000-000000000040', 'b1000000-0000-0000-0000-000000000003', 40, 'matching', '[Match each Cause with its Effect. A=quality of life improved B=architecture reflects the age C=buildings knocked down D=light steel frames and lifts developed E=historical buildings preserved F=all decoration removed G=parts of cities become slums H=Modernist ideas delayed until second half of 20th century] Less land must be used for building.', 'D', 1);

-- ============================================================
-- Cambridge IELTS 19 Academic — Reading Test 1
-- ============================================================

INSERT INTO tests (id, title, type, book_number, test_number, difficulty) VALUES
  ('a1900000-0000-0000-0000-000000000001', 'Cambridge IELTS 19 — Reading Test 1', 'reading', 19, 1, 'medium');

INSERT INTO test_sections (id, test_id, section_number, title, instructions) VALUES
(
  'b1900000-0000-0000-0000-000000000001',
  'a1900000-0000-0000-0000-000000000001',
  1,
  'How tennis rackets have changed',
  'PASSAGE 1: How tennis rackets have changed\n\nYou should spend about 20 minutes on Questions 1-13.\n\nIn 2016, the British professional tennis player Andy Murray was ranked as the world''s number one. It was an incredible achievement by any standard - made even more remarkable by the fact that he did this during a period considered to be one of the strongest in the sport''s history, competing against the likes of Rafael Nadal, Roger Federer and Novak Djokovic, to name just a few. Yet five years previously, he had been regarded as a talented outsider who entered but never won the major tournaments.\n\nOf the changes that account for this transformation, one was visible and widely publicised: in 2011, Murray invited former number one player Ivan Lendl onto his coaching team - a valuable addition that had a visible impact on the player''s playing style. Another change was so subtle as to pass more or less unnoticed. Like many players, Murray has long preferred a racket that consists of two types of string: one for the mains (verticals) and another for the crosses (horizontals). While he continued to use natural string in the crosses, in 2012 he switched to a synthetic string for the mains. A small change, perhaps, but its importance should not be underestimated.\n\nThe modification that Murray made is just one of a number of options available to players looking to tweak their rackets in order to improve their games. Touring professionals have their rackets customised to their specific needs, says Colin Triplow, a UK-based professional racket stringer. It''s a highly important part of performance maximisation. Consequently, the specific rackets used by the world''s elite are not actually readily available to the public; rather, each racket is individually made to suit the player who uses it. Take the US professional tennis players Mike and Bob Bryan: We''re very particular with our racket specifications, they say. All our rackets are sent from our manufacturer to Tampa, Florida, where our frames go through a thorough customisation process. They explain how they have adjusted not only racket length, but even experimented with different kinds of paint. The rackets they use now weigh more than the average model and also have a denser string pattern.\n\nThe primary reason for these modifications is simple: as the line between winning and losing becomes thinner and thinner, even these slight changes become more and more important. As a result, players and their teams are becoming increasingly creative with the modifications to their rackets as they look to maximise their competitive advantage.\n\nRacket modifications mainly date back to the 1970s, when the amateur German tennis player Werner Fischer started playing with the so-called spaghetti-strung racket. It created a string bed that generated so much topspin that it was quickly banned by the International Tennis Federation. However, within a decade or two, racket modification became a regularity. Today it is, in many ways, an aspect of the game that is equal in significance to nutrition or training.\n\nModifications can be divided into two categories: those to the string bed and those to the racket frame. The former is far more common than the latter: the choice of the strings and the tension with which they are installed is something that nearly all professional players experiment with. They will continually change it depending on various factors including the court surface, climatic conditions, and game styles.\n\nAt one time, all tennis rackets were strung with natural gut made from the outer layer of sheep or cow intestines. This all changed in the early 1990s with the development of synthetic strings that were cheaper and more durable. They are made from three materials: nylon, Kevlar or co-polyester. Of the synthetics, co-polyester is by far the most widely used. Studies indicate that the average spin from a co-polyester string is 25% greater than that from natural string or other synthetics.\n\nHowever, many players go beyond these basic adjustments to the strings and make changes to the racket frame itself. For example, much of the serving power of US professional player Pete Sampras was attributed to the addition of four to five lead weights onto his rackets.\n\nOther changes to the frame involve the handle. Players have individual preferences for the shape of the handle and some will have the handle of one racket moulded onto the frame of a different racket. The professional Portuguese player Goncalo Oliveira replaced the original grips of his rackets with something thinner because they had previously felt uncomfortable to hold.\n\nRacket customisation and modification have pushed the standards of the game to greater levels that few could have anticipated in the days of natural strings and heavy, wooden frames.'
),
(
  'b1900000-0000-0000-0000-000000000002',
  'a1900000-0000-0000-0000-000000000001',
  2,
  'The pirates of the ancient Mediterranean',
  'PASSAGE 2: The pirates of the ancient Mediterranean\n\nYou should spend about 20 minutes on Questions 14-26.\n\nIn the first and second millennia BCE, pirates sailed around the Mediterranean, attacking ships and avoiding pursuers.\n\nA  When one mentions pirates, an image springs to most people''s minds of a crew of misfits, daredevils and adventurers in command of a tall sailing ship in the Caribbean Sea. Yet from the first to the third millennium BCE, thousands of years before these swashbucklers began spreading fear across the Caribbean, pirates prowled the Mediterranean, raiding merchant ships and threatening vital trade routes. However, despite all efforts and the might of various ancient states, piracy could not be stopped. Only when the pirates directly threatened the interests of ancient Rome did the Roman Republic organise a massive fleet to eliminate piracy. Under the command of the Roman general Pompey, Rome eradicated piracy, transforming the Mediterranean into Mare Nostrum (Our Sea).\n\nB  Although piracy in the Mediterranean is first recorded in ancient Egypt during the reign of Pharaoh Amenhotep III (c 1390-1353 BCE), it is reasonable to assume it predated this powerful civilisation. This is partly due to the great importance the Mediterranean held at this time, and partly due to its geography. While the Mediterranean region is predominantly fertile, some parts are rugged and hilly, even mountainous. In the ancient times, the inhabitants of these areas relied heavily on marine resources. Most had their own boats, possessed good seafaring skills, and unsurpassed knowledge of the local coastline and sailing routes. Thus, it is not surprising that during hardships, these men turned to piracy. Before the invention of ocean-going caravels in the 15th century, ships could not easily cross long distances over open water. Thus, in the ancient world most were restricted to a few well-known navigable routes that followed the coastline. Caught in a trap, a slow merchant ship laden with goods had no other option but to surrender.\n\nC  One should also add that it was not unknown in the first and second millennia BCE for governments to resort to pirates'' services, especially during wartime, employing their skills and numbers against their opponents. A pirate fleet would serve in the first wave of attack, preparing the way for the navy. Some of the regions were known for providing safe harbours to pirates, who, in return, boosted the local economy.\n\nD  The first known record of a named group of Mediterranean pirates, made during the rule of ancient Egyptian Pharaoh Akhenaten (c 1353-1336 BCE), was in the Amarna Letters. These were extracts of diplomatic correspondence between the pharaoh and his allies. It seems the pharaoh was troubled by two distinct pirate groups, the Lukka and the Sherden. Despite the Egyptian fleet''s best efforts, the pirates continued to cause substantial disruption to regional commerce. In the letters, the king of Alashiya (modern Cyprus) rejected Akhenaten''s claims of a connection with the Lukka. The king assured Akhenaten he was prepared to punish any of his subjects involved in piracy.\n\nE  The ancient Greek world''s experience of piracy was different from that of Egyptian rulers. The ancient Greek historian Thucydides glorified pirates'' daring attacks on ships or even cities. For Greeks, piracy was a part of everyday life. Even high-ranking members of the state were not beyond engaging in such activities. According to the Greek orator Demosthenes, in 355 BCE, Athenian ambassadors made a detour from their official travel to capture a ship sailing from Egypt. The Greeks'' liberal approach towards piracy does not mean they always tolerated it, but attempts to curtail piracy were hampered by the large number of pirates operating in the Mediterranean.\n\nF  The rising power of ancient Rome required the Roman Republic to deal with piracy in the Mediterranean. While piracy was a serious issue for the Republic, Rome profited greatly from its existence. Pirate raids provided a steady source of slaves, essential for Rome''s agriculture and mining industries. But this arrangement could work only while the pirates left Roman interests alone. Pirate attacks on grain ships led to angry voices in the Senate. By the 1st century BCE, emboldened pirates kidnapped prominent Roman dignitaries, asking for a large ransom to be paid. Their most famous hostage was none other than Julius Caesar, captured in 75 BCE.\n\nG  By now, Rome was well aware that pirates had outlived their usefulness. In 67 BCE, a new law granted Pompey vast funds to combat the Mediterranean menace. Pompey divided the entire Mediterranean into 13 districts, assigning a fleet and commander to each. After cleansing one district of pirates, the fleet would join another in the next district. Although thousands of pirates died at the hands of Pompey''s troops, as a long-term solution to the problem, many more were offered land in fertile areas located far from the sea. Instead of a maritime menace, Rome got productive farmers that further boosted its economy.'
),
(
  'b1900000-0000-0000-0000-000000000003',
  'a1900000-0000-0000-0000-000000000001',
  3,
  'The persistence and peril of misinformation',
  'PASSAGE 3: The persistence and peril of misinformation\n\nYou should spend about 20 minutes on Questions 27-40.\n\nBrian Southwell looks at how human brains verify information and discusses some of the challenges of battling widespread falsehoods.\n\nMisinformation - both deliberately promoted and accidentally shared - is perhaps an inevitable part of the world in which we live, but it is not a new problem. People likely have lied to one another for roughly as long as verbal communication has existed. Deceiving others can offer an apparent opportunity to gain strategic advantage, to motivate others to action, or even to protect interpersonal bonds. Moreover, people inadvertently have been sharing inaccurate information with one another for thousands of years.\n\nHowever, we currently live in an era in which technology enables information to reach large audiences distributed across the globe, and thus the potential for immediate and widespread effects from misinformation now looms larger than in the past. Yet the means to correct misinformation might, over time, be found in those same patterns of mass communication and of the facilitated spread of information.\n\nThe main worry regarding misinformation is its potential to unduly influence attitudes and behavior, leading people to think and act differently than they would if they were correctly informed. In other words, we worry that misinformation might lead people to hold misperceptions (or false beliefs) and that these misperceptions, especially when they occur among large groups of people, may have detrimental, downstream consequences for health, social harmony, and the political climate.\n\nAt least three observations related to misinformation in the contemporary mass-media environment warrant the attention of researchers, policy makers, and really everyone who watches television, listens to the radio, or reads information online. First of all, people who encounter misinformation tend to believe it, at least initially. Secondly, electronic and print media often do not block many types of misinformation before it appears in content available to large audiences. Thirdly, countering misinformation once it has enjoyed wide exposure can be a resource-intensive effort.\n\nKnowing what happens when people initially encounter misinformation holds tremendous importance for estimating the potential for subsequent problems. The dilemma is neatly summarized by a contrast between how the 17th-century philosophers Rene Descartes and Baruch Spinoza described human information engagement, with conflicting predictions that only recently have been empirically tested in robust ways. Descartes argued that a person only accepts or rejects information after considering its truth or falsehood; Spinoza argued that people accept all encountered information by default and then subsequently verify or reject it. Recent empirical evidence has supported Spinoza''s account: people appear to encode all new information as if it were true, even if only momentarily, and later tag the information as being either true or false.\n\nWhat about our second observation that misinformation often can appear in electronic or print media without being preemptively blocked? Regulatory agencies here tend to focus on post hoc detection of broadcast information. The FDA oversees direct-to-consumer prescription drug advertising and has developed mechanisms such as the Bad Ad program, through which people can report advertising in apparent violation of FDA guidelines on drug risks. Such programs, although laudable and useful, do not keep false advertising off the airwaves. In addition, even misinformation that is successfully corrected can continue to affect attitudes.\n\nThis leads us to our third observation: a campaign to correct misinformation, even if rhetorically compelling, requires resources and planning to accomplish necessary reach and frequency. For corrective campaigns to be persuasive, audiences need to be able to comprehend them. That some audiences might be unaware of the potential for misinformation also suggests the utility of media literacy efforts as early as elementary school. Even with journalists and scholars pointing to the phenomenon of fake news, people do not distinguish between demonstrably false stories and those based in fact when scanning and processing written information.\n\nWe live at a time when widespread misinformation is common. Yet at this time many people also are passionately developing potential solutions and remedies. The journey forward undoubtedly will be a long and arduous one. Future remedies will require not only continued theoretical consideration but also the development and maintenance of consistent monitoring tools - and a recognition among fellow members of society that claims which find prominence in the media that are insufficiently based in scientific consensus and social reality should be countered. Misinformation arises as a result of human fallibility and human information needs. To overcome the worst effects of the phenomenon, we will need coordinated efforts over time, rather than any singular one-time panacea we could hope to offer.'
);

INSERT INTO questions (id, section_id, question_number, question_type, question_text, correct_answer, points) VALUES
-- PASSAGE 1: Q1-7 TRUE/FALSE/NOT GIVEN
('c1900000-0000-0000-0000-000000000001', 'b1900000-0000-0000-0000-000000000001', 1, 'true_false', '[Write TRUE / FALSE / NOT GIVEN] People had expected Andy Murray to become the world''s top tennis player for at least five years before 2016.', 'FALSE', 1),
('c1900000-0000-0000-0000-000000000002', 'b1900000-0000-0000-0000-000000000001', 2, 'true_false', '[Write TRUE / FALSE / NOT GIVEN] The change that Andy Murray made to his rackets attracted a lot of attention.', 'FALSE', 1),
('c1900000-0000-0000-0000-000000000003', 'b1900000-0000-0000-0000-000000000001', 3, 'true_false', '[Write TRUE / FALSE / NOT GIVEN] Most of the world''s top players take a professional racket stringer on tour with them.', 'NOT GIVEN', 1),
('c1900000-0000-0000-0000-000000000004', 'b1900000-0000-0000-0000-000000000001', 4, 'true_false', '[Write TRUE / FALSE / NOT GIVEN] Mike and Bob Bryan use rackets that are light in comparison to the majority of rackets.', 'FALSE', 1),
('c1900000-0000-0000-0000-000000000005', 'b1900000-0000-0000-0000-000000000001', 5, 'true_false', '[Write TRUE / FALSE / NOT GIVEN] Werner Fischer played with a spaghetti-strung racket that he designed himself.', 'NOT GIVEN', 1),
('c1900000-0000-0000-0000-000000000006', 'b1900000-0000-0000-0000-000000000001', 6, 'true_false', '[Write TRUE / FALSE / NOT GIVEN] The weather can affect how professional players adjust the strings on their rackets.', 'TRUE', 1),
('c1900000-0000-0000-0000-000000000007', 'b1900000-0000-0000-0000-000000000001', 7, 'true_false', '[Write TRUE / FALSE / NOT GIVEN] It was believed that the change Pete Sampras made to his rackets contributed to his strong serve.', 'TRUE', 1),
-- PASSAGE 1: Q8-13 fill_blank (note completion)
('c1900000-0000-0000-0000-000000000008', 'b1900000-0000-0000-0000-000000000001', 8, 'fill_blank', '[Complete the notes. Choose ONE WORD ONLY from the passage.] Mike and Bob Bryan made changes to the types of ___ (8) used on their racket frames.', 'paint', 1),
('c1900000-0000-0000-0000-000000000009', 'b1900000-0000-0000-0000-000000000001', 9, 'fill_blank', '[Complete the notes. Choose ONE WORD ONLY from the passage.] Players were not allowed to use the spaghetti-strung racket because of the amount of ___ (9) it created.', 'topspin', 1),
('c1900000-0000-0000-0000-000000000010', 'b1900000-0000-0000-0000-000000000001', 10, 'fill_blank', '[Complete the notes. Choose ONE WORD ONLY from the passage.] Changes to rackets can be regarded as being as important as players'' diets or the ___ (10) they do.', 'training', 1),
('c1900000-0000-0000-0000-000000000011', 'b1900000-0000-0000-0000-000000000001', 11, 'fill_blank', '[Complete the notes. Choose ONE WORD ONLY from the passage.] All rackets used to have natural strings made from the ___ (11) of animals.', 'intestines', 1),
('c1900000-0000-0000-0000-000000000012', 'b1900000-0000-0000-0000-000000000001', 12, 'fill_blank', '[Complete the notes. Choose ONE WORD ONLY from the passage.] Pete Sampras had metal ___ (12) put into the frames of his rackets.', 'weights', 1),
('c1900000-0000-0000-0000-000000000013', 'b1900000-0000-0000-0000-000000000001', 13, 'fill_blank', '[Complete the notes. Choose ONE WORD ONLY from the passage.] Goncalo Oliveira changed the ___ (13) on his racket handles.', 'grips', 1),
-- PASSAGE 2: Q14-19 matching (paragraph headings A-G)
('c1900000-0000-0000-0000-000000000014', 'b1900000-0000-0000-0000-000000000002', 14, 'matching', '[Match to paragraph: A=Caribbean pirates image B=Mediterranean geography and piracy origins C=Governments using pirates D=Amarna Letters and named pirates E=Ancient Greek attitude to piracy F=Rome and piracy G=Pompey''s campaign] a reference to a denial of involvement in piracy', 'D', 1),
('c1900000-0000-0000-0000-000000000015', 'b1900000-0000-0000-0000-000000000002', 15, 'matching', '[Match to paragraph: A=Caribbean pirates image B=Mediterranean geography and piracy origins C=Governments using pirates D=Amarna Letters and named pirates E=Ancient Greek attitude to piracy F=Rome and piracy G=Pompey''s campaign] details of how a campaign to eradicate piracy was carried out', 'G', 1),
('c1900000-0000-0000-0000-000000000016', 'b1900000-0000-0000-0000-000000000002', 16, 'matching', '[Match to paragraph: A=Caribbean pirates image B=Mediterranean geography and piracy origins C=Governments using pirates D=Amarna Letters and named pirates E=Ancient Greek attitude to piracy F=Rome and piracy G=Pompey''s campaign] a mention of the circumstances in which states in the ancient world would make use of pirates', 'C', 1),
('c1900000-0000-0000-0000-000000000017', 'b1900000-0000-0000-0000-000000000002', 17, 'matching', '[Match to paragraph: A=Caribbean pirates image B=Mediterranean geography and piracy origins C=Governments using pirates D=Amarna Letters and named pirates E=Ancient Greek attitude to piracy F=Rome and piracy G=Pompey''s campaign] a reference to how people today commonly view pirates', 'A', 1),
('c1900000-0000-0000-0000-000000000018', 'b1900000-0000-0000-0000-000000000002', 18, 'matching', '[Match to paragraph: A=Caribbean pirates image B=Mediterranean geography and piracy origins C=Governments using pirates D=Amarna Letters and named pirates E=Ancient Greek attitude to piracy F=Rome and piracy G=Pompey''s campaign] an explanation of how some people were encouraged not to return to piracy', 'G', 1),
('c1900000-0000-0000-0000-000000000019', 'b1900000-0000-0000-0000-000000000002', 19, 'matching', '[Match to paragraph: A=Caribbean pirates image B=Mediterranean geography and piracy origins C=Governments using pirates D=Amarna Letters and named pirates E=Ancient Greek attitude to piracy F=Rome and piracy G=Pompey''s campaign] a mention of the need for many sailing vessels to stay relatively close to land', 'B', 1),
-- PASSAGE 2: Q20-21 multiple choice (choose TWO)
('c1900000-0000-0000-0000-000000000020', 'b1900000-0000-0000-0000-000000000002', 20, 'multiple_choice', 'Which TWO of the following statements does the writer make about inhabitants of the Mediterranean region in the ancient world? A) They often used stolen vessels to carry out pirate attacks. B) They managed to escape capture by the authorities because they knew the area so well. C) They paid for information about the routes merchant ships would take. D) They depended more on the sea for their livelihood than on farming. E) They stored many of the goods taken in pirate attacks in coves along the coastline.', 'B', 1),
('c1900000-0000-0000-0000-000000000021', 'b1900000-0000-0000-0000-000000000002', 21, 'multiple_choice', 'Which TWO of the following statements does the writer make about inhabitants of the Mediterranean region in the ancient world? A) They often used stolen vessels to carry out pirate attacks. B) They managed to escape capture by the authorities because they knew the area so well. C) They paid for information about the routes merchant ships would take. D) They depended more on the sea for their livelihood than on farming. E) They stored many of the goods taken in pirate attacks in coves along the coastline.', 'D', 1),
-- PASSAGE 2: Q22-23 multiple choice (choose TWO)
('c1900000-0000-0000-0000-000000000022', 'b1900000-0000-0000-0000-000000000002', 22, 'multiple_choice', 'Which TWO of the following statements does the writer make about piracy and ancient Greece? A) The state estimated that very few people were involved in piracy. B) Attitudes towards piracy changed shortly after the Iliad and the Odyssey were written. C) Important officials were known to occasionally take part in piracy. D) Every citizen regarded pirate attacks on cities as unacceptable. E) A favourable view of piracy is evident in certain ancient Greek texts.', 'C', 1),
('c1900000-0000-0000-0000-000000000023', 'b1900000-0000-0000-0000-000000000002', 23, 'multiple_choice', 'Which TWO of the following statements does the writer make about piracy and ancient Greece? A) The state estimated that very few people were involved in piracy. B) Attitudes towards piracy changed shortly after the Iliad and the Odyssey were written. C) Important officials were known to occasionally take part in piracy. D) Every citizen regarded pirate attacks on cities as unacceptable. E) A favourable view of piracy is evident in certain ancient Greek texts.', 'E', 1),
-- PASSAGE 2: Q24-26 fill_blank (summary completion)
('c1900000-0000-0000-0000-000000000024', 'b1900000-0000-0000-0000-000000000002', 24, 'fill_blank', '[Complete the summary. Choose ONE WORD ONLY from the passage.] Piracy was an issue ancient Rome had to deal with, but it also brought some benefits. However, attacks on vessels transporting ___ (24) to Rome resulted in calls for punishment.', 'grain', 1),
('c1900000-0000-0000-0000-000000000025', 'b1900000-0000-0000-0000-000000000002', 25, 'fill_blank', '[Complete the summary. Choose ONE WORD ONLY from the passage.] Attacks on vessels transporting grain to Rome resulted in calls for ___ (25) for the pirates responsible.', 'punishment', 1),
('c1900000-0000-0000-0000-000000000026', 'b1900000-0000-0000-0000-000000000002', 26, 'fill_blank', '[Complete the summary. Choose ONE WORD ONLY from the passage.] Piracy continued, with some pirates demanding a ___ (26) for the return of the Roman officials they captured.', 'ransom', 1),
-- PASSAGE 3: Q27-30 multiple_choice
('c1900000-0000-0000-0000-000000000027', 'b1900000-0000-0000-0000-000000000003', 27, 'multiple_choice', 'What point does the writer make about misinformation in the first paragraph? A) Misinformation is a relatively recent phenomenon. B) Some people find it easy to identify misinformation. C) Misinformation changes as it is passed from one person to another. D) There may be a number of reasons for the spread of misinformation.', 'D', 1),
('c1900000-0000-0000-0000-000000000028', 'b1900000-0000-0000-0000-000000000003', 28, 'multiple_choice', 'What does the writer say about the role of technology? A) It may at some point provide us with a solution to misinformation. B) It could fundamentally alter the way in which people regard information. C) It has changed the way in which organisations use misinformation. D) It has made it easier for people to check whether information is accurate.', 'A', 1),
('c1900000-0000-0000-0000-000000000029', 'b1900000-0000-0000-0000-000000000003', 29, 'multiple_choice', 'What is the writer doing in the fourth paragraph? A) comparing the different opinions people have of misinformation B) explaining how the effects of misinformation have changed over time C) outlining which issues connected with misinformation are significant today D) describing the attitude of policy makers towards misinformation in the media', 'C', 1),
('c1900000-0000-0000-0000-000000000030', 'b1900000-0000-0000-0000-000000000003', 30, 'multiple_choice', 'What point does the writer make about regulation in the USA? A) The guidelines issued by the FDA need to be simplified. B) Regulation does not affect people''s opinions of new prescription drugs. C) The USA has more regulatory bodies than most other countries. D) Regulation fails to prevent misinformation from appearing in the media.', 'D', 1),
-- PASSAGE 3: Q31-36 matching (summary with phrases A-J)
('c1900000-0000-0000-0000-000000000031', 'b1900000-0000-0000-0000-000000000003', 31, 'matching', '[Match to phrase: A=constant conflict B=additional evidence C=different locations D=experimental subjects E=short period F=extreme distrust G=frequent exposure H=mental operation I=dubious reason J=different ideas] Although people have ___ (31) to misinformation, there is debate about precisely how and when we label something as true or untrue.', 'G', 1),
('c1900000-0000-0000-0000-000000000032', 'b1900000-0000-0000-0000-000000000003', 32, 'matching', '[Match to phrase: A=constant conflict B=additional evidence C=different locations D=experimental subjects E=short period F=extreme distrust G=frequent exposure H=mental operation I=dubious reason J=different ideas] The philosophers Descartes and Spinoza had ___ (32) about how people engage with information.', 'J', 1),
('c1900000-0000-0000-0000-000000000033', 'b1900000-0000-0000-0000-000000000003', 33, 'matching', '[Match to phrase: A=constant conflict B=additional evidence C=different locations D=experimental subjects E=short period F=extreme distrust G=frequent exposure H=mental operation I=dubious reason J=different ideas] Spinoza believed that a distinct ___ (33) is involved in these stages.', 'H', 1),
('c1900000-0000-0000-0000-000000000034', 'b1900000-0000-0000-0000-000000000003', 34, 'matching', '[Match to phrase: A=constant conflict B=additional evidence C=different locations D=experimental subjects E=short period F=extreme distrust G=frequent exposure H=mental operation I=dubious reason J=different ideas] Recent research has provided ___ (34) for Spinoza''s theory.', 'B', 1),
('c1900000-0000-0000-0000-000000000035', 'b1900000-0000-0000-0000-000000000003', 35, 'matching', '[Match to phrase: A=constant conflict B=additional evidence C=different locations D=experimental subjects E=short period F=extreme distrust G=frequent exposure H=mental operation I=dubious reason J=different ideas] People accept all encountered information as if it were true, even if this is for an extremely ___ (35).', 'E', 1),
('c1900000-0000-0000-0000-000000000036', 'b1900000-0000-0000-0000-000000000003', 36, 'matching', '[Match to phrase: A=constant conflict B=additional evidence C=different locations D=experimental subjects E=short period F=extreme distrust G=frequent exposure H=mental operation I=dubious reason J=different ideas] The resources for scepticism and the resources for perceiving and encoding are in ___ (36) in the brain.', 'C', 1),
-- PASSAGE 3: Q37-40 true_false (YES/NO/NOT GIVEN)
('c1900000-0000-0000-0000-000000000037', 'b1900000-0000-0000-0000-000000000003', 37, 'true_false', '[Write YES / NO / NOT GIVEN] Campaigns designed to correct misinformation will fail to achieve their purpose if people are unable to understand them.', 'YES', 1),
('c1900000-0000-0000-0000-000000000038', 'b1900000-0000-0000-0000-000000000003', 38, 'true_false', '[Write YES / NO / NOT GIVEN] Attempts to teach elementary school students about misinformation have been opposed.', 'NOT GIVEN', 1),
('c1900000-0000-0000-0000-000000000039', 'b1900000-0000-0000-0000-000000000003', 39, 'true_false', '[Write YES / NO / NOT GIVEN] It may be possible to overcome the problem of misinformation in a relatively short period.', 'NO', 1),
('c1900000-0000-0000-0000-000000000040', 'b1900000-0000-0000-0000-000000000003', 40, 'true_false', '[Write YES / NO / NOT GIVEN] The need to keep up with new information is hugely exaggerated in today''s world.', 'NOT GIVEN', 1);